URL,Title,Description,H1,H2,H3
https://domain,Ошибка,Ошибка,Ошибка,Ошибка,Ошибка
https://forum.lineagetwo.ru,Форумы - Форум LineageTwo.ru,Нет description,Форумы,Зарегистрируйтесь | Главный раздел | Interlude X5000 Epic | High Five x20 teon old | Interlude x10 | Общий раздел | Акции X5000 INTERLUDE+,"Кто в онлайне
	
		  0 Пользователей, 0 Анонимных, 7 Гостей
	
	(Посмотреть всех) | Акция: Самые активные | Последние"
https://antiscan.me,AntiScan.Me | Online Virus Scanner Without Result Distribution,Scan your file online with multiple different antiviruses without distributing the results of your scan.,"Scan a
                        file",Нет данных,Нет данных
https://r8cheats.ru,|R8| Приватный чит CS2 l CS:GO l 1.6 [Green Trust]✅,Лучшая защита от VAC. Широкий и качественный функционал. Покупка в 2 клика и тысячи положительных отзывов.,Нет данных,Нет данных,Нет данных
https://3usd.cc,3usd.cc | Качественное спутниковое телевидение для дома по самым низким ценам (кардшаринг),Нет description,Кардшаринг,Что это? | Защита от DDOS | Что такое Кардшаринг,Пакет НТВ Восток | Пакет НТВ плюс NEW | Пакет NC plus | Пакет Клубничка | Пакет Telekarta | Пакет НТВ Восток | Пакет НТВ плюс NEW | Пакет NC plus | Пакет Клубничка | Пакет Telekarta | Пакет НТВ Восток | Пакет НТВ плюс NEW | Пакет NC plus | Пакет Клубничка | Пакет Telekarta | Пакет НТВ Восток | Сейчас мы рассмотрим как работает шаринг: | Экономьте до 100$ в месяц с нашей помощью.
https://ipboxplayer.com,IPboxPlayer | IPTV for TV Set,Нет description,IPTV for TV Set,Feel all the advantages of entertainment | Get access to 400+ channels in 10+ languages,Android App for watching IPTV
https://cognitive-cloud.com,Attention Required! | Cloudflare,Нет description,"Sorry, you have been blocked",You are unable to access qsys.com | Why have I been blocked? | What can I do to resolve this?,Нет данных
https://luxioprofit.com,LUXIO PROFIT,Нет description,Нет данных,Нет данных,Нет данных
https://uctraders.com,UCTRADERS,Нет description,Нет данных,Нет данных,Нет данных
https://sharavod.com,Sharavod.com | Доступный кардшаринг и ott плейлисты,Нет description,Кардшаринг по низким ценам,"Это качественное спутниковое телевидение 
						от 0.5$/месяц
						за пакет каналов | Все ваши любимые шоу | О кардшаринге | Преимущества | Пакеты каналов и цены | Дилерская программа | FAQ | Кардшаринг по низким ценам",Нет данных
https://bitcoinwealth.biz,bitcoinwealth.biz,Нет description,Нет данных,Нет данных,Нет данных
https://procheat.pro,Приватные читы команды PROCHEAT,"Лидирующая команда разработчиков PROCHEAT разрабатывающая приватные читы External, которые не внедряются в игру, работает как собственный драйвер по верх экрана.",Высокое качество продуктов от PROCHEAT,Идеальный софт для пользователей проекта | Последние новости,Нет данных
https://phoenix-hack.ru,Phoenix - приватные читы,Приватные читы для игр от разработчиков Phoenix. Реализация качественного функционала с надежной защитой от банов в игре.,Собственный модуль обхода Анти читов,Нет данных,Нет данных
https://bitcobid.com,Ошибка,Ошибка,Ошибка,Ошибка,Ошибка
https://rao.ru,ОБЩЕРОССИЙСКАЯ ОБЩЕСТВЕННАЯ ОРГАНИЗАЦИЯ «РОССИЙСКОЕ АВТОРСКОЕ ОБЩЕСТВО» (РАО),Нет description,Общероссийская общественная организация «Российское Авторское Общество» (РАО),Новости | Партнеры | Новости Информационного агентства InterMedia | Как нас найти,Реестры | Правообладателям | Пользователям | Руководство | Пресс-центр | 07.03.2025 | 06.03.2025 | 28.02.2025
https://anabol.bg,Магазин за Стероиди №1 в България!,Ние предлагаме най-високо качество стероиди на справедливи цени за спортисти и професионални спортисти. Купете най-добрите стероиди бързо и удобно в цяла България.,Бърз ефект и видим резултат с точен избор и правилна употреба!,"Анаболи  за  мускулна  маса,  анаболи  за  релеф,  анаболи  за отслабване – какво търсите? | Защо от „Анабол.бг“?",Хранителни Добавки | Най-поръчвани | Препоръчани
https://select-place.ru,Нет title,Нет description,Нет данных,Нет данных,Нет данных
https://scalp.live,Скальп.Лайв / Скринер криптовалют для биржи Binance,Скальп.Лайв - криптовалютный скринер биржи Binance. С ним ты не упустишь ни одну интересную рыночную ситуацию внутри дня.,СкальпЛайв,Нет данных,Нет данных
https://crooked-arms.com,Ошибка,Ошибка,Ошибка,Ошибка,Ошибка
https://hyip.com,hyip.com,Нет description,Sticky Listings,Sticky Programs | Sticky Ads | Our Logo | New Listings | News | Crypto News | Partners Links | Last Votes | Last Payouts | Top Hits/Hosts | Top Profitable | Top Monitored | Last Scams | Crypto Prices,Нет данных
https://arcadia-game.com,Ошибка,Ошибка,Ошибка,Ошибка,Ошибка
https://mti-bank.ru,"МТИ Банк - кредитование, расчетно-кассовое обслуживание предприятий малого и среднего бизнеса, размещение средств на рынке МБК, валютно-обменные операции.","Банк оказывает широкий спектр услуг, связанных с внешнеэкономической деятельностью Клиентов Банка, резидентов и нерезидентов Российской Федерации.",Внешнеэкономическая деятельность,Банк для решения ваших задач! | Сейфовые ячейки,Нет данных
https://l2-pick.ru,Сервера Л2 | Анонсы новых серверов Lineage 2,"Новые сервера ла2 с удобным поиском. Анонс серверов Lineage 2 по типу Craft, PvP, Low. Открытие серверов L2 каждый день!",Анонсы серверов Lineage 2,Новые сервера л2 всех рейтов и хроник,Нет данных
https://ca.gisca.ru,Удостоверяющий центр ГАЗИНФОРМСЕРВИС,"Удостоверяющий центр ГАЗИНФОРМСЕРВИС (УЦ ГИС) выпускает ЭП (ЭЦП) для участия в электронных торгах, сдачи электронной отчетности, а также для электронного документооборота (ЭДО). Техническая поддержка.",Нет данных,Продукты и услуги | Сертификаты ЭП | Услуги ДТС | Ключевые носители | Программное обеспечение | Услуги техподдержки,Ваша корзина | Ваша корзина пуста | О компании | Новости | Публикации | Отзывы
https://swaiafx.com,SwaiaFx,Нет description,Нет данных,Нет данных,Нет данных
https://ddos-guard.network,DDoS-Guard | Reliable DDoS Protection & Mitigation,"DDoS protection for companies and businesses of any level. ✔️ 3,2 Tbps scrubbing capacity. ✔️ 550 000+ projects under protection. ✔️ No hidden charges",Reliable Protection Against DDoS Attacks,Powerful UI to Manage Your Services | Benefits of Our Protection | Works at Any Scale | FAQ | Have a question?,Analytics | Reports | Support | Settings | Analytics | Reports | Support | Settings | Single Security Perimeter | Free CDN | Reliable Scrubbing Network | No Hidden Charges
https://yeahiptv.com,YeahIPTV - The one and only official website of YeahIPTV,Your favorite IPTV provider since 2018 year,Нет данных,YeahIPTV is available on large number of devices and platforms | Easy tutorials | What our customers say,Fast support | VIP Sport | 15000+ (adult XXX included) | Huge list of channels
https://abireg.ru,Федеральное информагентство Агентство Бизнес Информации - экономические деловые новости России,"Экономические и деловые новости регионов России. События, инвестиционные проекты, экономическая политика, корпоративные конфликты, уголовные дела предпринимателей. Анализ региональной экономики и экономической политики. Кейсы, мнения собственников и топ-менеджеров бизнеса.",Нет данных,Нет данных,Нет данных
https://lipetsknews.ru,LIPETSKNEWS - липецкий новостной портал,Все новости Липецка и Липецкой области на одном сайте,Нет данных,Главное меню | Самые читаемые новости | ЛУЧШЕЕ ВИДЕО | ВЗГЛЯД | ФОТОРЕПОРТАЖИ,Нет данных
https://vrntimes.ru,Интернет-газета Время Воронежа,"Интернет-газета Время Воронежа, Воронеж. Новости и события Воронежа, статьи, фоторепортажи, справки, блоги, ссылки.",Нет данных,Самые читаемые новости | ФОТОРЕПОРТАЖИ | Аналитика | Мнения | ЛУЧШЕЕ ВИДЕО,Нет данных
https://arendakvartir-novosibirsk.ru,Ошибка,Ошибка,Ошибка,Ошибка,Ошибка
https://klintsy.info,Клинцы.ИНФО - городской информационно-деловой портал,"Клинцы.ИНФО, Клинцы - Клинцовский городской сайт. Прогноз погоды. Поиск и удобное добавление объявлений по работе, авто, недвижимости. Афиша Клинцов. Адресно-телефонный каталог-справочник предприятий и сайтов Клинцов, расширенный каталог компаний. Городской форум.",Интернет-фотовыставка «Беларусь в объективе российского журналиста»,Нет данных,"По материалам прокурорской проверки возбуждено уголовное дело о незаконной рубке лесных насаждений | Проект СМИ Клинцы.Инфо о бородатой неясыти стал финалистом национальной премии «Рассвет» | Смягчён приговор бывшему заместителю начальника Клинцовской исправительной колонии | Концертная программа вокальной группы «Лира» прошла в санатории «Затишье» | Житель Клинцов предстанет перед судом по обвинению в получении подкупа на сумму свыше миллиона рублей | Клинчанка, платившая в магазинах найденной картой, освобождена от наказания в связи с примирением сторон | Уличенный в мошенничестве при получении выплат клинчанин отправлен на скамью подсудимых | 2 апреля – День единения народов РФ и РБ: репортажи СМИ Клинцы.Инфо из братской Беларуси | Памятный баннер участнику СВО Вячеславу Просянкину разместили в Клинцах | Сводка о происшествиях и преступлениях, совершенных на территории г. Клинцы и Клинцовского района | В Клинцах собрали гуманитарную помощь для участников СВО | В Клинцах прокуратура защитила права участника СВО | 2025: Фотопроект СМИ Клинцы.Инфо «52 недели в 52 фотографиях» | Интернет-фотовыставка СМИ Клинцы.Инфо «Удивительный мир птиц» | Галерея памяти участников СВО | Никто не забыт | Исторические места | Спорт"
https://ruspriority.ru,Ошибка,Ошибка,Ошибка,Ошибка,Ошибка
https://joyta.ru,Нет title,Нет description,Нет данных,Сначала сайту joyta.ru необходимо проверить безопасность вашего подключения.,Нет данных
https://gazetanga.ru,Новый город Александров – Новости Александровского района Владимирской области,Нет description,Новый город Александров,"Районный праздник работников культуры отметили в Карабаново | Медаль – символ заслуг перед страной. В Александрове ветеранам вручили юбилейные награды | В Александрове при поддержке ФСБ состоялся патриотический концерт | Александр Авдеев: «Проблем не надо бояться, будем решать их нашей командой» | Спортсменка из Александрова Анастасия Романович победила в первенстве России по самбо | Школьная футбольная команда из Балакирево прошла в финал игр «Кожаный мяч»",Нет данных
https://priem.kazgau.ru,Казанский государственный аграрный университет,Нет description,Нет данных,Наши новости | 5 шагов к поступлению | Ответы на вопросы поступающих | Институты и факультеты,Нет данных
https://kazgau.ru,Казанский государственный аграрный университет,Нет description,Нет данных,Институты и факультеты | Начните свой профессиональный путь к успеху с диплома Казанского ГАУ! | Образовательные программы | Наука в университете | Дополнительное образование,"Шаймиев М.Ш. | Файзрахманов Д.И. | Минниханов Р.Н. | Шаймиев М.Ш. | Файзрахманов Д.И. | Минниханов Р.Н. | Шаймиев М.Ш. | Проектирование и внедрение информационных систем | Агропромышленная биотехнология | Землеустройство | Специальность- 23.05.01 Наземные транспортно-технологические средства | Агробизнес и цифровое земледелие | Технический сервис в агропромышленном комплексе | Лесное хозяйство | Бухгалтерский учет, анализ и аудит | Проектирование и внедрение информационных систем | Агропромышленная биотехнология | Землеустройство | Специальность- 23.05.01 Наземные транспортно-технологические средства | Агробизнес и цифровое земледелие | Технический сервис в агропромышленном комплексе | Лесное хозяйство | Бухгалтерский учет, анализ и аудит | Биологическая защита растений от стрессов | Совет молодых ученых | Проекты и предложения сотрудничества | УНПЦ «Агробиотехнопарк» | Биологическая защита растений от стрессов | Совет молодых ученых | Проекты и предложения сотрудничества | УНПЦ «Агробиотехнопарк» | Системы защиты растений в современном земледелии | Разработка системы мероприятий по повышению эффективности производства продукции растениеводства | Оценка посевных качеств семян сельскохозяйственных культур | Разработка адаптивных систем земледелия в предприятии АПК РТ | Макро- и микроэлементы в жизни растений | Цифровизация и бережливое производство в МТП | Управление режимом орошения сельскохозяйственных культур | Системы защиты растений в современном земледелии | Разработка системы мероприятий по повышению эффективности производства продукции растениеводства | Оценка посевных качеств семян сельскохозяйственных культур | Разработка адаптивных систем земледелия в предприятии АПК РТ | Макро- и микроэлементы в жизни растений | Цифровизация и бережливое производство в МТП | Управление режимом орошения сельскохозяйственных культур | Системы защиты растений в современном земледелии | Центр профориентационной работы и довузовского образования | Центр развития карьеры и содействия трудоустройству | Центр ландшафтного дизайна"
https://elbruspharma.com,Home - ELBRUS,"Innovative pharmacy solution Germany Asemwald - Stuttgart Austria Kleingöttfritz - Hausmühle Über uns MEDIZIN, UM SICH IMMER STARK ZU FÜHLEN Willkommen auf der offiziellen Website der Marke Elbrus Pharma! Wenn Sie hier sind, bedeutet das, dass Sie sich für unsere Produkte interessieren oder sie bereits gekauft haben. Wir möchten Ihnen versichern, dass unsere Markenprodukte vollständig",Нет данных,Über uns | Dienstleistungen | Unsere Marke | Lebenslauf | Kontakt,"MEDIZIN, UM SICH IMMER STARK ZU FÜHLEN | Produkte Qualität | Methoden des Schutzes | Privatsphäre der Kunden | 0+ | 0+ | 0+"
https://dlya-vorot.ru,✔️Dlya-vorot.ru✔️ - первый интернет-супермаркет комплектующих и автоматики для ворот☝,Купить комплектующие и автоматику для откатных и распашных ворот в Москве. Отличные цены на гаражные ворота и шлагбаумы с доставкой,Нет данных,"Пульты | Аксессуары | Системы контроля и управления доступом | Комплектующие для подвесных ворот | Шлагбаумы | Автоматика для ворот | Комплектующие для ворот | Пульты | Аксессуары | Системы контроля и управления доступом | Комплектующие для подвесных ворот | Шлагбаумы | Автоматика для ворот | Комплектующие для ворот | Пульты | FURNITEH XL8SA Фурнитура для откатных ворот | Откатные ворота КСС (Свари Сам) | FURNITEH SL 600 AC Автоматика для откатных ворот | Furniteh рейка зубчатая на болтах 30x8 мм | Откатные ворота КСС ""АЛЮТЕХ"" | Откатные ворота КСС ""АЛЮТЕХ"" | DOORHAN SLIDING-1300 Привод для откатных ворот | Alutech регулировочная подставка для откатных ворот | DOORHAN SLIDING-500KIT Комплект для откатных ворот | Откатные ворота КСС (Свари Сам) | CAME BX708AGS COMBO KIT Автоматика для откатных ворот | Комплект калитки КСС (свари сам) из т-профиля",Популярные категории | DLYA-VOROT.RU
https://avtozap63.ru,Автозапчасти ВАЗ от Интернет-магазина Avtozap63.ru,Автозапчасти ВАЗ и тюнинг для отечественных автомобилей от интернет-магазина avtozap63.ru. Высокое качество деталей по доступным ценам. ,АВТОЗАПЧАСТИ ВАЗ ОПТОМ И В РОЗНИЦУ,Любые автозапчасти ВАЗ с доставкой по России и ближнему зарубежью,Нет данных
https://razgovor.moscow,Разговоры о важном - ГБОУ ДПО МЦВП,Материалы для учителей. Разговоры о важном - ГБОУ ДПО МЦВП,Нет данных,Апрель 2025 г. | Март 2025 г. | Февраль 2025 г. | Январь 2025 г. | Декабрь 2024 г. | Ноябрь 2024 г. | Октябрь 2024 г. | Сентябрь 2024 г. | Май 2024 г. | Апрель 2024 г. | Март 2024 г. | Февраль 2024 г. | Январь 2024 г. | Декабрь 2023 г. | Ноябрь 2023 г. | Октябрь 2023 г. | Сентябрь 2023 г.,"Рабочие программы 2024/2025 учебный год | Рабочие программы 2023/2024 учебный год | Эссе для обучающихся 7-11 классов | Обучение классных руководителей | Рабочие программы, КТП и методические рекомендации по циклу занятий. Материалы от 14.10.2022"
https://voentorg-2.ru,"Одежда милитари магазин в Москве с доставкой по РФ, куртки, ветровки, штаны в стиле милитари, куртка аляска, бомберы, берцы и аксессуары. Наш магазин одежды милитари военотрг 2 находится в Москве, возможна доставка в регионы. милитари одежда от мировых производителей Surplus, Alpha industries, NORD STORM, Brandit, vintage industries, Apolloget. Mil-Tec.Бутекс","Милитари одежда, не путать с военной формой и одеждой для охотников и рыбаков это совсем другое. Стиль милитари, это удобные и практичные вещи для повседневной носке как по городу, так и на природе.  
Наш магазин одежды милитари Военторг 2 находится в Москве. но есть доставка и в регионы России.",Главная,Нет данных,Нет данных
https://techbusca.org,DDoS-Guard,Нет description,techbusca.org недоступен,Нет данных,Нет данных
https://spasemstranu.com,Спасём Страну * Трезвый Взгляд,"информационно аналитический новостной сайт, основывается на полученных от силовых структур данных, преобразованных в доступную форму новостей для пользователей",Спасём Страну,Закон и преступность в руках Александра Чернова | Анна Деркач Чернигов от Казантипа до Танзании | Лукашенко продолжает избавляться от неугодных // Как был убит Макей? | Драка Лепса видео 18+ | Павлюченко Фёдор и Германович Алёна с декабря 2023 года были завербованы КГБ Беларуси посредством партнёрской программы от Андрея Ермака и Александра Поклада | Российская мафия из даркнета во время войны | Андрей Матюха казино на крови во время войны | Домбровский Станислав талантливый одессит покорил Швейцарию | Закон и преступность в руках Александра Чернова | Анна Деркач Чернигов от Казантипа до Танзании | Лукашенко продолжает избавляться от неугодных // Как был убит Макей? | Драка Лепса видео 18+ | Павлюченко Фёдор и Германович Алёна с декабря 2023 года были завербованы КГБ Беларуси посредством партнёрской программы от Андрея Ермака и Александра Поклада | Российская мафия из даркнета во время войны | Андрей Матюха казино на крови во время войны | Домбровский Станислав талантливый одессит покорил Швейцарию | Павлюченко Фёдор и Германович Алёна с декабря 2023 года были завербованы КГБ Беларуси посредством партнёрской программы от Андрея Ермака и Александра Поклада | Лукашенко продолжает избавляться от неугодных // Как был убит Макей? | Российская мафия из даркнета во время войны | Закон и преступность в руках Александра Чернова | ДИЧЬ | ОБЩИЕ НОВОСТИ | Ужасные сказки Сергея Нахмановича Шефира на ночь | Один из лучших прокуроров Беларуси оказался сыном криминального авторитета | Обращение украинского народа к гражданам Беларуси | Пшул Феликс из Гомеля помогает Кадыровским боевикам | Доктор медицинских наук Редько открыл правду про COVID | Похищение сотрудника ФСБ Фиалковского Романа правда или красивый спектакль ? | Белорусские товары качественно и Не дешево | Как президент Беларуси пользует женщин /// Белоруский Бабник | Новые подробности убийства Павла Шеремета | Павлюченко Фёдор и Германович Алёна с декабря 2023 года были завербованы КГБ Беларуси посредством партнёрской программы от Андрея Ермака и Александра Поклада | Российская мафия из даркнета во время войны | Андрей Матюха казино на крови во время войны | Домбровский Станислав талантливый одессит покорил Швейцарию | Закон и преступность в руках Александра Чернова | Навигация по записям | Игры,СРОЧНО | ПОЛИТИКА | КРИМИНАЛ | Павлюченко Фёдор и Германович Алёна с декабря 2023 года были завербованы КГБ Беларуси посредством партнёрской программы от Андрея Ермака и Александра Поклада | Российская мафия из даркнета во время войны | Андрей Матюха казино на крови во время войны | Домбровский Станислав талантливый одессит покорил Швейцарию | Закон и преступность в руках Александра Чернова | Анна Деркач Чернигов от Казантипа до Танзании | Лукашенко продолжает избавляться от неугодных // Как был убит Макей? | Драка Лепса видео 18+ | Xbox Game Pass раздает космические игры | Xbox Game Pass раздает космические игры | Xbox Game Pass раздает космические игры | Xbox Game Pass раздает космические игры | Xbox Game Pass раздает космические игры | Xbox Game Pass раздает космические игры | Xbox Game Pass раздает космические игры | Закрепите на Pinterest
https://zrada.net,"Новости и скандалы украинской политики, бизнеса и криминала","только правда › Новости и скандалы украинской политики, бизнеса и криминалаZrada.net - только правда",Нет данных,"Украина практически не экспортирует нишевые зерновые культуры | Нацбанк четвертую неделю валюту не покупает | Кто поспособствовал карьере судьи Марины Барсук | На Волыни проверят решения ВВК об отсрочках от мобилизации | Одесская чиновница избила водителя маршрутки | Комитет ВР рекомендовал историческое увеличение налогов | На Банковой обсуждают увольнение Сырского, Буданова и Умерова | В Хмельницком чиновники мать и сын зарабатывали на уклонистах | Гетьманцев назвал единственные способы закрыть дефицит бюджета | В Украину будут меньше ввозить товаров | Навигация по записям | Свежие новости",Нет данных
https://lics5.xyz,Нет title,Нет description,Вход,Нет данных,Нет данных
https://alta.website,Зеркало обновлений alta.website | Альта-Софт,"Техническая поддержка компании Альта-Софт. Ежедневная и круглосуточная техническая помощь: установка/обновление программ для таможенного оформления, продление гарантии и другие услуги",Пакетная загрузка дистрибутивов и обновлений ПО,Нет данных,Нет данных
https://floawl.xyz,Ошибка,Ошибка,Ошибка,Ошибка,Ошибка
https://elmocacino.com,Информационный Портал о Наркобизнесе Открывает Свои Двери,"ElMocacino • это портал, погружающий вас в мир наркобизнеса, раскрывая секреты, новости и инсайдерскую информацию. Здесь вы найдете уникальные статьи",Свежак, | Химпром Александра Щипцова | Гогилашвили Александр | Тионилхлорид | Толуол | Ацетилхлорид | Бензилхлорид | Метиламин | Нитроэтан | Псевдоэфедрин | Уксусный ангидрид | Пагинация записей,Наше меню
https://mightymine.pro,mightymine.pro,Нет description,ONLINE MINING FARM,Sold | Exchange rates,WITH THE EQUIPMENT FOR CRYPTO CURRENCY MINING ON ALGORITHMS | Size of income depends on the miner's hashrate | each user receives income from investment of his referrals | mightymine.pro company at this period of time | You can calculate the profitability of your equipment: | Horizen | Zcash | KOMODO | Ethereum Classic | Ethereum | Bitcoin Cash | Digibyte | Peercoin | Bitcoin | Syscoin | Litecoin | Dogecoin
https://babyshowroom.ru,"Одежда для новорожденных в Москве, купить одежду для новорожденного в интернет-магазине","Интернет-магазин Babyshowroom - лучшая детская одежда и для новорожденных и малышей до 2-х лет с доставкой по Москве и регионам. Удобный каталог с широким ассортиментом, фото и низкими ценами.",Нет данных,Каталог одежды для новорожденных | Купить одежду для новорожденного,Нет данных
https://escapefromtarkov.shop,Escape From Tarkov читы приватные купить,"Популярные приватные читы для Escape From Tarkov, без бана в игре на любой вкус с гибкими тарифами. Купить чит на нашем сайте можно любым удобным способом, после оплаты инструкция приходит на почту моментально, на сайте имеется техническая поддержка...",Escape From Tarkov читы,Купить приватный чит для Тарков | Читы на тарков | Как правильно выбрать чит на тарков | Что бывает при обновлении Escape From Tarkov? | Личное пожелания от владельца сайта!,Безопасная Сделка
https://betpromocod.ru,Все действующие промокоды букмекерских контор | Betpromokod,"Betpromokod - это полный список актуальных и бесплатных промокодов на сегодня для букмекерских контор на 2025 год. На сайте доступны: фрибет за регистрацию без депозита, бонусы БК без депозита, рабочие стратегии ставок на спорт и самые актуальные статьи из Мира ставок на спорт.",Промокоды букмекерских контор,Нет данных,Разновидности бонусов по промокоду:
https://digitalbakery.club,Нет title,Нет description,Нет данных,Нет данных,Нет данных
https://anabolizzanti-it.com,"Acquistare steroidi #1 in Italia, comprare anabolizzanti online a prezzi bassi",I migliori prezzi per gli steroidi anabolizzanti in Italia ⚡ Garanzia di qualità ✔️ Consegna veloce ❤️ Acquistare legalmente ❗️ Farmaci e ormoni certificati,Steroidi anabolizzanti in Italia,Migliori steroidi | Nuovi anabolizzanti | Quali steroidi puoi acquistare nel nostro negozio? | Vantaggi dell'acquisto di steroidi nel nostro negozio | Come acquistare steroidi anabolizzanti? | Notizia / Blog,Нет данных
https://connectrex.top,Ошибка,Ошибка,Ошибка,Ошибка,Ошибка
https://ktshop.io,Ошибка,Ошибка,Ошибка,Ошибка,Ошибка
https://play-aqua.net,Aqua,"★ Découvrez Aqua, votre Serveur Retro de qualité et profitez d'une expérience de jeu incroyable. Jouez à Dofus gratuitement et sans abonnement !",Commencez votre aventure dans l'univers d'Aqua,Нет данных,Нет данных
https://jopa.store,Нет title,Нет description,Нет данных,Нет данных,Нет данных
https://sass.su,Поиск — Microsoft Bing,"Выполняйте поиск с помощью Microsoft Bing и используйте мощь ИИ для обнаружения информации, просмотра веб-страниц, изображений, видео, карт и т. д. Интеллектуальная поисковая система для вечно любознательных.",Нет данных,Info,"Sandstone formations in the badlands near Caineville, Utah, United States"
https://aimsmarkets.io,Нет title,Нет description,Нет данных,We are in maintence will be back soon...,Нет данных
https://pokladsbu.com,Поклад СБУ - преступления без срока давности,17 мгновений ОПС «Кондратюка» Поклад СБУ - преступления без срока давности - Поклад Александр оборотень в погонах.,Нет данных,"Поклад СБУ | 17 мгновений ОПС «Кондратюка» | Он же Гога, он же Гоша, он же Юрий, он же Гора, он же Жора, здесь проживает? | Приключения Александра Поклада в Москве // Деньги для Душителя не пахнут | Контрразведка СБУ Александра Поклада на подтанцовке у псов Лукашенко | Александр Лищенко «Лича» — эмиссар Александра Поклада в Евросоюзе | Кто крышует Александра Поклада на высоком посту в СБУ? | Кто заказал Александру Покладу казнь Дениса Киреева? | Как Александр Поклад обезглавил элитное подразделение ЦСО «A» СБУ | Александр Поклад: восхождение Миллениум | Поклад тянет в аппарат контрразведки полтавскую мафию",Нет данных
https://play.betflix-88.com,Ошибка,Ошибка,Ошибка,Ошибка,Ошибка
https://abdulpanel.xyz,Нет title,Нет description,Нет данных,Нет данных,Нет данных
https://digitalbakery.shop,| DIGITAL BAKERY,Нет description,Нет данных,Login Your Account,Нет данных
https://autobots.trade,Ошибка,Ошибка,Ошибка,Ошибка,Ошибка
https://atlantabankers.com,Atlantabankers.com,Нет description,Нет данных,"Experience the Convenienceof Stable Profits | Secure, innovative, and user-friendly wealth management solutions. | Maximize Your Earnings withAtlantabankers Today | A Few simple steps  to start earning | $410000.00 | $100.00 | 16 | Our Members Investments & Profits Experience | Latest news & articles  from the team | Start getting profit now!",Нет данных
https://play-arkalys.net,Arkalys,Arkalys est un serveur privée Dofus sur la version 2.72,Нет данных,Нет данных,Нет данных
https://cashflows.cash,CASH FLOW,Нет description,Cash Flow,Revolutionizing Your Financial Freedom | Why Invest in CashFlow Cryptocurrency? | Investment Plan | The Platform of the future. | Community-Driven Development | Company Certificate,Empowering Cryptocurrency Investments | High Growth Potential | Security and Transparency | Diversified Financial Services | Staking and Rewards | Premium | Investment Calculator | Menu | 
https://rydexcoin.com,RydexCoin - Home,"RydexCoin is your premier crypto exchange for buying, selling, and trading a wide range of digital currencies. Enjoy secure transactions, advanced trading features, and a user-friendly platform. Join RydexCoin today and experience the future of cryptocurrency trading.",Your Secure Path with RydexCoin to Crypto Success,Why Choose RydexCoin? | How to Invest with RydexCoin ? | Our Crypto Currency | Our Products | Frequently Asked Questions | What should I do if I have issues with a RydexCoin Partner? | How can I contact RydexCoin support? | What happens if RydexCoin suspects illegal activity? | Can RydexCoin change its fees? | Does RydexCoin provide tax reporting? | What if I need to change or update my payment method?,Subscribe to Our Newsletter for the Latest News and Updates
https://gh0p.biz,GH0P Security & Business,Нет description,"WORLDWIDE SERVICES
                      
                        SECURITY & ANONYMITY","Built by Knowledge, Sharpened by Experience | Services | CAN I HAVE A PREVIEW? | CLIENT FEEDBACK",Нет данных
https://antidark.net,AntiDark.Net,Нет description,Нет данных,Нет данных,Нет данных
https://keynode.net,Ошибка,Ошибка,Ошибка,Ошибка,Ошибка
https://kamagra-apotheke.com,Kamagra Apotheke - Potenzmittel Kamagra Rezeptfrei Kaufen,Kamagra Apotheke - Potenzmittel Kamagra Rezeptfrei Kaufen Online. Der Kunde ist immer König in der Kamagra Apotheke Online Shop,Willkommen in der Kamagra Apotheke,Top Seller | Willkommen in der Kamagra Apotheke – Ihrem zuverlässigen Potenzmittel Online Shop | Die beliebtesten Produkte dieser Woche,Eine reichhaltige Auswahl an Potenzmitteln | Vidalista 60mg | Vidalista – 40mg | Vidalista – 20mg
https://bondsmarkets.io,bondsmarkets.io,Нет description,Venture Capital Trusts,APPLY NOW | NOW OPEN | TAX RAISES | APPLY NOW | NOW OPEN,"Current Offers | VCT information | Free factsheet: VCTs at a glance | Current Offers | EIS information | Free factsheet: EIS at a glance | Current Offers | AIM ISA information | Quality Shares Portfolio | Mobeus VCTs | Next Budget will be ""painful"" | Quality Shares Portfolio | Mobeus VCTs | Featured offers | New exit for the Maven VCTs: Manchester-based MirrorWeb | PM Starmer says next budget will be “painful” – what could investors do? | Top 10 most viewed pages | How have VCTs performed over three, five and 10 years? | Five common trading mistakes – and how to avoid them | “I like an easy life – and the Wealth Club Portfolio Service makes my life easier” | EIS and SEIS funds for pre-Budget allotment | Is the Chancellor eyeing cuts to pension tax relief? | Five things to consider when investing in Venture Capital Trusts (VCTs)"
https://youraccessmanage.com,Нет title,Нет description,Нет данных,Нет данных,Нет данных
https://goldenhamster.io,Goldenhamster.io,Нет description,Нет данных,Нет данных,Нет данных
https://trendingexchange.com,trendingexchange.com,Нет description,Нет данных,Нет данных,Security of Funds | Bonus and Rewards | Expert Team | Support 7*24hours
https://manage-accessprepaid.com,Нет title,Нет description,Нет данных,Нет данных,Нет данных
https://turbotrading.net,Turbo Trading | Home,TurboTrading-best crypto auto trading platforms,Нет данных,Нет данных,Security of Funds | Bonus and Rewards | Expert Team | Support 7*24hours
https://kinghectares.com,King Hectares,Нет description,Нет данных,Нет данных,Нет данных
https://rapidfoptions.com,Ошибка,Ошибка,Ошибка,Ошибка,Ошибка
https://rapidsfaccess.com,Ошибка,Ошибка,Ошибка,Ошибка,Ошибка
https://cognitive-machines.com,Защита от DDos атак,Нет description,Надежная защита от DDoS-атак,Наши решения | Преимущества | FAQ,Защита и оптимизация веб-сайта | Защита сети | Защищённый выделенный сервер | Защищённый VDS | Защищенный хостинг | WAF | Никаких скрытых платежей | Сеть доставки контента (CDN) | Аналитика и отчеты | Защита от атак на L3-L7 OSI | Собственная сеть очистки | Объединенные центры обработки данных
https://moonacy.io,Moonacy Protocol | Home,"Generate daily income by providing liquidity to Moonacy Protocol. Start earning daily rewards, making your assets work for you with low risk and high returns.",Generate daily income by providing liquidity to Moonacy Protocol,"We exchange - you earn | Cryptocurrency exchange is a million-dollar  opportunity for investors | One account - many exchange directions | Your trusted partner | They write about us | Your trusted partner | They write about us | Frequently Asked Questions | If you couldn't find an answer to your question, please contact us.",Нет данных
https://laislavirtual.com,Laislavirtual - Gift Cards,Нет description,Gift Cards for Every Occasion,What Are Gift Cards? | vanilla gift card | Committed to Simplicity | Types of Gift Cards | Other Prepaid Visa Card Providers | Frequently Asked Questions | What is a Vanilla Gift Card? | How can I check my balance? | Are gift cards reloadable?,How to Check Your Balance
https://awsgifts.com,AWSGifts – Gift Cards,Нет description,Welcome to  Awesome Gifts,An in-depth look at virtual prepaid gift cards | What to Expect From Prepaid Gift Cards | Leading Suppliers of Gift Cards | The Perfect Gift Card |  | Frequently Asked Questions,Key Features of The Perfect Gift Card:
https://awantedgift.com,A Wanted Gift,Нет description,Нет данных,Welcome | Who We Are | A comprehensive look at gift cards | What to Expect from Gift Cards? | Unlimited access to giftcards | Purchase The Perfect Gift Card | Learn More About Us | Key Features of The  Gift Card,grab your access to unlimited giftcards | Global acceptance: | Safe & Secure: | Convenient | Budget-Friendly
https://aitradingbotfree.com,Ошибка,Ошибка,Ошибка,Ошибка,Ошибка
https://ssikatno.com,SsiKatNo - Gift Cards,Нет description,Prepaid Gift Card,About SsiKatNo | Verified Platforms | What Are Prepaid Gift Cards? | Why Choose Prepaid Gift Cards? | How It Works | Our Trusted Vendors | Tips for Buying and Selling Prepaid Gift Cards | Benefits of Using Prepaid Gift Cards,GiftCards.com | prepaidgiftbalance.com | giftcardmall.com | 1. Choose Your Card | 2. Secure Your Purchase | 3. Receive Your Card | GiftCards.com | prepaidgiftbalance.com | giftcardmall.com
https://team073.com,Team073 Undetected cheats,#1 Cheats undetected call of duty black ops 6  apex fortnite valorant esp aimbot wallhacks top ups  bundle gifting boosting,Team073 Undetected Cheats,Нет данных,Black Ops 6 | Unban / Spoof / Block | Digital Services | Assist Tool - 18 GAMES | Panel and Rebrands | 2K25 | Fortnite | DBD | Marvel Rivals | Valorant | Apex | Arma 3 | Dayz | Hunt Showdown | War Thunder | Rust | PUBG | Donations | Quick Links | Important Information
https://oniquest.site,Нет title,Нет description,SEO KEMAREN SORE,Нет данных,Нет данных
https://htx-login.app,Ошибка,Ошибка,Ошибка,Ошибка,Ошибка
https://bybit-login.net,Ошибка,Ошибка,Ошибка,Ошибка,Ошибка
https://f-1world.ru,"Формула-1: новости, команды, гонки | Все события из мира F1 - бесплатные трансляции","Мы собрали весь мир Формулы-1 для вас на одном сайте: актуальные новости, бесплатный доступ к онлайн-трансляциям и записям гонок в хорошем качестве",Нет данных,"Льюис Хэмилтон потратил миллионы долларов на покупку в Италии | Серхио Перес подтверждает: ""Мы ведем переговоры"" | Гонщик Ferrari высказался о своих шансах на место в Cadillac F1 | Гран-при Японии 2025. Гонка смотреть онлайн 6 апреля 2025 года в 8:00 по МСК | Гран-при Японии 2025. Квалификация смотреть онлайн 5 апреля 2025 года в 9:00 по МСК | Гран-при Японии 2025. Третья практика смотреть онлайн 5 апреля 2025 года в 5:30 по МСК | Гран-при Японии 2025. Вторая практика смотреть онлайн 4 апреля 2025 года в 9:00 по МСК | Гран-при Японии 2025. Первая практика смотреть онлайн 4 апреля 2025 года в 5:30 по МСК | За кулисами: первый дебют Антонелли в Формуле-1 | Переоценка? Mercedes по вопросу возвращения к двигателям V10 в Формуле-1",Нет данных
https://imdonate.shop,MagicRP,Нет description,"Жаркие скидки 
              уже на сервере",Нет данных,Нет данных
https://investdex.net,https://investdex.net,Нет description,AI Based Crypto  Investment,EARNING SOLUTIONS | Profit Calculator | 103.00% | 10.30 | about Investdex | UK Certified Company | How are we different? | Member's Activity | Affiliate Program | Bank Level Security | Frequently Asked Questions,"james490 | 695 | $236650.99 | $238860.26 | 135%
                              
								 View Plan Details | 500%
                               
								 View Plan Details | 1050%
								
								View Plan Details | 2000%
                            
							View Plan Details | 3800%
                               
								 View Plan Details | 7500%
								
								View Plan Details | 14000%
                            
								 View Plan Details"
https://tik-tak.fun,Tik-Tak,Нет description,Нет данных,Нет данных,Нет данных
https://miraigroup.limited,Secure Auth,Нет description,Нет данных,Нет данных,Нет данных
https://evilaim.net,Ошибка,Ошибка,Ошибка,Ошибка,Ошибка
https://ingat.us,Welcome!,Нет description,Default Page,Нет данных,Нет данных
https://eduvaites.org,Ошибка,Ошибка,Ошибка,Ошибка,Ошибка
https://findingjackcharlton.com,Ошибка,Ошибка,Ошибка,Ошибка,Ошибка
https://eatproost.com,Ошибка,Ошибка,Ошибка,Ошибка,Ошибка
https://yasgifts.me,Yasgifts.me,Нет description,Greetings from Yasgifts.me,A Detailed Overview of Virtual Prepaid Gift Cards | What to Expect From Prepaid Gift Cards | What to Expect From Prepaid Gift Cards | The Perfect Gift Card | Frequently Asked Questions,Global Acceptance: | Safe & Secure: | Convenient: | Budget-Friendly | Global Acceptance: | Safe & Secure: | Convenient: | Budget-Friendly | Key Features of The Perfect Gift Card:
https://consul-mex.com,Inicio - Consultores Mexicanos,"Somos una empresa de consultoría jurídica & empresarial especializada en reducciones de riesgos a través de análise situacional de la empresa-cliente lo que es realizado en reuniones periodicas con la directoría y con observancia del alineamiento estratégico. Trabajamos con enfoque en resultados y definiciones de metas y prioridades, siempre en sintonía con la toma de",Consultores Mexicanos,Нет данных,Нет данных
https://quinfx.com,QuinFX - Home,VINANCE- Digital Trading Platform. That will take your excitement to the next level! Get ready to experience the ultimate thrill of winning as we bring you a cutting-edge trading experience with Vinance.,Your Secure Path with QuinFX to Crypto Success,Why Choose QuinFX? | How to Invest with QuinFX ? | Our Crypto Currency | Our Products | Frequently Asked Questions | What if I need to change or update my payment method? | What should I do if I have issues with a QuinFX Partner? | How can I contact QuinFX support? | What happens if QuinFX suspects illegal activity? | Can QuinFX change its fees? | Does QuinFX provide tax reporting?,Subscribe to Our Newsletter for the Latest News and Updates
https://unclesam.su,Нет title,Нет description,Нет данных,Нет данных,Нет данных
https://chain.to,Chain — всё о мире криптовалют и блокчейна.,Всё о блокчейне и криптовалюте для новичков и профессионалов.,Нет данных,Нет данных,Нет данных
https://nexora.trade,Nexora Trading – Next-Gen & Cross-Chain Investments,"Nexora Trading – Anticipate Tomorrow, Invest Today","Nexora Trading – Anticipate Tomorrow, Invest Today",1.5% | Calculator | 4.5% | Calculator | 175% | Calculator | 250% | Calculator,"Phantom Plan
                                            Daily for 15 Days | Plan Name Phantom Plan | Enter Amount | Enigma Plan
                                            Daily for 30 Days | Plan Name Enigma Plan | Enter Amount | Nova Plan
                                            After 2 Weeks | Plan Name Nova Plan | Enter Amount | Vortex Plan
                                            After 1 Week | Plan Name Vortex Plan | Enter Amount |  | AI-Driven Market Analysis
                        Our proprietary AI continuously monitors market trends, token launches, and price discrepancies across various blockchain ecosystems. This comprehensive approach allows us to make data-driven decisions and identify profitable trades in real-time. | Cross-Chain Arbitrage
                        Nexora Trading employs sophisticated protocols to move assets swiftly between networks like Ethereum, BNB Chain, and Polygon. By capitalizing on these price differences, we generate steady daily profits, which form the backbone of our reliable returns. | Transparent Investment Plans
                        We offer a range of investment packages tailored to different risk appetites. Whether you prefer daily returns or high-potential short-term plans, our system automatically allocates your funds to the most suitable strategies. | Secure and Scalable
                        We understand the importance of safeguarding your investments. Our platform is built on robust security protocols, ensuring that your assets remain protected. As blockchain adoption grows, our scalable infrastructure adapts to new market conditions and emerging opportunities. | Community-Focused
                        We believe in building a strong relationship with our users. Through regular updates, insightful market analyses, and responsive support, we aim to create a thriving community that benefits from the growth of digital assets. | Trusted by Leading Institutions  At Nexora Trading, we bridge the gap between traditional finance and the future of digital assets. Our collaboration with top-tier institutions such as MUFG and BNY Mellon underscores our commitment to transparency, robust compliance, and responsible growth. Through these alliances, we aim to foster trust and legitimacy in the rapidly evolving crypto market. | Secured by Industry-Leading Audits & Coverage Safeguarding your investments is our highest priority. That’s why we partner with InsurAce and Nexus Mutual, two of the most respected names in decentralized coverage and smart contract assurance. From providing insurance against protocol exploits to conducting rigorous security assessments, these collaborations help maintain Nexora Trading’s reputation for reliability and peace of mind. | BNB | Completed | Tether TRC20 | Completed | Tether BEP20 | Completed | Tether TRC20 | Completed | Bitcoin | Completed | Tether BEP20 | Completed | Tether BEP20 | Completed | Tether TRC20 | Completed | BNB | Completed | Tether TRC20 | Completed | Bitcoin | Completed | Tether TRC20 | Completed | Tether TRC20 | Completed | BNB | Completed | Tether BEP20 | Completed | Tether BEP20 | Completed | Tron | Completed | Bitcoin | Completed | Tether TRC20 | Completed | BNB | Completed | Tether BEP20 | Completed | Tether BEP20 | Completed | Tether TRC20 | Completed | Bitcoin | Completed | Bitcoin | Completed | BNB | Completed | Bitcoin | Completed | Tether TRC20 | Completed | Tron | Completed | Tron | Completed | Bitcoin | Completed | Tether BEP20 | Completed | Tether BEP20 | Completed | BNB | Completed | Tether BEP20 | Completed | Tether BEP20 | Completed | Tether TRC20 | Completed | Tether BEP20 | Completed | Tether BEP20 | Completed | Tron | Completed | BNB | Completed | Bitcoin | Completed | Tether ERC20 | Completed | Tether BEP20 | Completed | Tether TRC20 | Completed | Tether BEP20 | Completed | Tether TRC20 | Completed | Tether TRC20 | Completed | Bitcoin | Completed | Tether BEP20 | Completed | Tether BEP20 | 0xfa...1a41 | Tether BEP20 | 0xa2...d831 | Tether BEP20 | 0x8a...c167 | Tether BEP20 | 0x54...a565 | Tether BEP20 | 0x4e...655c | Tether BEP20 | 0xcc...2cae | Tether BEP20 | 0x20...c464 | Tether BEP20 | 0xf8...1fcb | Tether BEP20 | 0x0e...0ba5 | Tether BEP20 | 0xca...4df0 | Tether BEP20 | 0x4c...eb3d | Tether BEP20 | 0x36...0a58 | Tether BEP20 | 0xd5...5be1 | Tether BEP20 | 0xa7...9954 | Tether BEP20 | 0x17...73c2 | Tether BEP20 | 0x19...3859 | Tether BEP20 | 0x49...65d0 | Tether BEP20 | 0x29...38f1 | Tether BEP20 | 0x9b...12d6 | Tether BEP20 | 0x19...c8b8 | Tether BEP20 | 0x10...fa94 | Tether BEP20 | 0x8d...05c0 | Tether BEP20 | 0xcb...c3de | Tether BEP20 | 0x35...b5d0 | Tether BEP20 | 0x4b...4225 | Tether BEP20 | 0xc1...f463 | Tether BEP20 | 0x5b...0bdd | Tether BEP20 | 0x2c...d444 | Tether BEP20 | 0xd5...25f9 | Tether BEP20 | 0x9c...3d74 | Tether BEP20 | 0xb2...777e | Tether BEP20 | 0x64...2122 | Tether BEP20 | 0xb2...5f59 | Tether BEP20 | 0x7b...f70f | Tether BEP20 | 0xce...e5a3 | Tether BEP20 | 0xbe...0ae6 | Tether BEP20 | 0x33...9f68 | Tether BEP20 | 0x5c...4c12 | Tether BEP20 | 0xc9...456c | Tether BEP20 | 0xa2...13e2 | Tether BEP20 | 0x92...b4e1 | Tether BEP20 | 0xb3...3a22 | Tether BEP20 | 0x84...7939 | Tether BEP20 | 0xfc...a5a1 | Tether BEP20 | 0xe2...414b | Tether BEP20 | 0x62...2520 | Tether BEP20 | 0x62...5025 | Tether BEP20 | 0xf9...44df | Tether BEP20 | 0x75...f743 | Tether BEP20 | 0xdc...6348 | 2024 Jan 2025 | Jan 7, 2025 Late 2025 | 2026 & Beyond | ABOUT | Assets"
https://internacionaltrader.com,internacionaltrader.com,Нет description,|,"Earn money  
						with Cryptocurrencies
						Crypto | About Company
							About internacionaltrader.com | Why Choose Us?
					Our advantages | Latest Transactions | Our Security
								internacionaltrader.com Security | Invest with us and turn opportunities intoachievements.",Key Facts and Resources | Top 10 | What profit will I get? | What profit will I get? | What profit will I get? | What profit will I get? | / / | 
https://dinodex.net,Ошибка,Ошибка,Ошибка,Ошибка,Ошибка
https://x-z.one,Ошибка,Ошибка,Ошибка,Ошибка,Ошибка
https://khemical.io,(Offline) Khemical.io | Software Provider,Нет description,Khemical.io | Software Provider is currently unavailable,Нет данных,Important Information
https://myswisstrade.net,Ошибка,Ошибка,Ошибка,Ошибка,Ошибка
https://rapidfservice.com,RapidFService,Нет description,Нет данных,Welcome to RapidFService 🚀 | How do I get a RapidFS Prepaid Card? 📝 | Can I use my RapidFS card internationally? 🌎 | What do I do if my RapidFS Prepaid Card is lost or stolen? 🚨 | How do I reload my RapidFS Prepaid Card? 🔄,What is a RapidFS Prepaid Card? 💳 | Advantages of RapidFS Prepaid Cards 🎯 | Uses of RapidFS Prepaid Cards 📱 | RapidFS Prepaid Cards for Businesses 💼 | What Our Users Say 🙌 | Frequently Asked Questions 🤔 | Tips & Tricks for Using Your RapidFS Card 💡
https://myprepaid-checknow.com,Нет title,Нет description,Нет данных,Нет данных,Нет данных
https://stelax.io,stelax.io - автоматизированный стейкинг Ethereum,Нет description,Ethereum Staking инвестируйте в безопасно,"Стейкинг ETH — одно из самых перспективных направлений для крипто инвесторов | Гарантируем то, чего не могут предложить80% других стейкинг сервисов | Партнеры сервиса | Калькулятор дохода | Подключайтесь к пулу и берите  свой доход под контроль | Отзывы от лидеров мнений | 8 из 10 человек Что спросили перед началом стейкинга | Что такое криптовалютный стейкинг? | Какой минимальный депозит для начала работы? | Насколько безопасен ваш сервис? | Как я могу вывести свои средства? | С какой криптовалютой и кошельками работает проект? | Не нашли ответа на свой вопрос? | Контакты для связи",Наличие системы Wallet Connect | Независимость системы | Фиксированный процент | Резервный фонд проекта | Light pool | Light pool | Medium pool | PRO pool | Андрей Балконский | Криптотрейдер | CryptoFateev Биткоин Трейдер
https://tetragift.com,tretragift,Нет description,Нет данных,"Gift Cards
										
											Finding a perfect gift just got easier | A Fantastic Method for Getting Gift Cards | About Us | Why Pick Us? | How It Works | Get Approved | Choose a gift card type and preferred delivery | Make it personal | Personalization Algorithms | Personalization Algorithms | Shipping details in one place | About Amex Gift Cards | About Virtual Joker Prepaid Gift Cards | Key Features of the Joker Prepaid Gift Card | Where to Buy the Joker Prepaid Gift Card | How to Use the Joker Prepaid Gift Card | Common Uses of the Joker Prepaid Gift Card | Limitations & Important Considerations | How to Avoid Scams & Fraud | Conclusion",1. Preloaded Balance | 2. Wide Acceptance | 3. No Bank Account or Credit Check Required | 4. One-Time Use vs. Reloadable Options | 5. Secure and Fraud-Protected | 6. Expiration Date & Fees | 1. Activation Process | 2. Checking the Card Balance | 3. Making Purchases | 4. Managing the Card | 1. Gifting | 2. Online Shopping | 3. Budgeting & Expense Control | 4. Travel & International Use | 5. Subscription Payments | 1. Restrictions on Certain Transactions | 2. Non-Reloadable Versions | 3. Fees & Expiration | Take Advantage of Special Tickets & Event Benefits | Increase the Value of Your Trip | Increase Your Income With Amex Offers
https://neuralminer.io,Ошибка,Ошибка,Ошибка,Ошибка,Ошибка
https://mevolaxy.com,Mevolaxy Network,Нет description,Technical work is underway,Нет данных,Нет данных
https://italodiniz.com,ItaloDiniz | Gift Cards,"ItaloDiniz - Comprehensive prepaid gift card platform. Learn, explore, and shop from the top gift card providers.",Prepaid Gift Cards Made Simple,How It Works | Top Gift Card Providers | FAQs About Gift Cards | Why Choose Prepaid Gift Cards? | Security and Fraud Prevention | Official Providers List | What Our Users Say,Gift Card Mall | OneVanilla | Vanilla Gift | What are prepaid gift cards? | Where can I use gift cards? | How do I check the balance of my gift card? | Gift Card Mall | OneVanilla | Vanilla Gift
https://sryrfutures.co,sryrfutures.co,Нет description,Страница sryrfutures.co не найдена,Нет данных,Нет данных
https://syrfutures.co,syrfutures.co,Нет description,Страница syrfutures.co не найдена,Нет данных,Нет данных
https://tr-extrabet.com,Ошибка,Ошибка,Ошибка,Ошибка,Ошибка
https://tr-mariobet.org,Ошибка,Ошибка,Ошибка,Ошибка,Ошибка
https://syrfutures.cam,Ошибка,Ошибка,Ошибка,Ошибка,Ошибка
https://synfutures.app,synfutures.app,Нет description,Страница synfutures.app не найдена,Нет данных,Нет данных
https://we-trusted.com,we-trusted.com,Нет description,Нет данных,Нет данных,Welcome to WeTrusted! | Investment Plans | Affiliate Program | Company Benefits
https://jojobet5015.com,Ошибка,Ошибка,Ошибка,Ошибка,Ошибка
https://keynode.us,keynode.us,Нет description,Premium,Members | Sticky Ads | Subscription | Our Logo | News | Payment Systems | Partners Links | Last Votes | Last Payouts | Top Profitable | Top Monitored | Last Scams,Нет данных
https://soniclabs.cm,Index of /,Нет description,Index of /,Нет данных,Нет данных
https://keynode.ltd,Ошибка,Ошибка,Ошибка,Ошибка,Ошибка
https://eservices-juliusbaar.com,Ошибка,Ошибка,Ошибка,Ошибка,Ошибка
https://kudapoker.com,Ошибка,Ошибка,Ошибка,Ошибка,Ошибка
https://eservices-sso-jbch.com,Ошибка,Ошибка,Ошибка,Ошибка,Ошибка
https://oyster.synrutures.cam,Ошибка,Ошибка,Ошибка,Ошибка,Ошибка
https://adstracking.xyz,adstracking.xyz,Нет description,Страница adstracking.xyz не найдена,Нет данных,Нет данных
https://trackingclient.net,trackingclient.net,Нет description,Страница trackingclient.net не найдена,Нет данных,Нет данных
https://trackingclient.xyz,Ошибка,Ошибка,Ошибка,Ошибка,Ошибка
https://trackingserver.xyz,Ошибка,Ошибка,Ошибка,Ошибка,Ошибка
https://lnfrared.financial,Нет title,Нет description,Нет данных,Нет данных,Нет данных
https://kodiakfinance.co,Index of /,Нет description,Index of /,Нет данных,Нет данных
https://usuailmoney.com,Ошибка,Ошибка,Ошибка,Ошибка,Ошибка
https://fjordfoundery.cam,Index of /,Нет description,Index of /,Нет данных,Нет данных
https://baiancer.cam,Index of /,Нет description,Index of /,Нет данных,Нет данных
https://satiayer.cam,Ошибка,Ошибка,Ошибка,Ошибка,Ошибка
https://synfutures.link,Ошибка,Ошибка,Ошибка,Ошибка,Ошибка
https://hyperiane.cam,Index of /,Нет description,Index of /,Нет данных,Нет данных
https://hyperlane.cam,Index of /,Нет description,Index of /,Нет данных,Нет данных
https://odoes.cam,Index of /,Нет description,Index of /,Нет данных,Нет данных
https://swapx.cam,Index of /,Нет description,Index of /,Нет данных,Нет данных
https://defiisaver.cam,Index of /,Нет description,Index of /,Нет данных,Нет данных
https://trackinglist.xyz,Ошибка,Ошибка,Ошибка,Ошибка,Ошибка
https://trackingcenter.xyz,Ошибка,Ошибка,Ошибка,Ошибка,Ошибка
https://adsserver.xyz,adsserver.xyz,Нет description,Страница adsserver.xyz не найдена,Нет данных,Нет данных
https://adstracker.xyz,adstracker.xyz,Нет description,Страница adstracker.xyz не найдена,Нет данных,Нет данных
https://servertracker.xyz,servertracker.xyz,Нет description,Страница servertracker.xyz не найдена,Нет данных,Нет данных
https://trackadvert.xyz,Ошибка,Ошибка,Ошибка,Ошибка,Ошибка
https://advertisementtracking.xyz,advertisementtracking.xyz,Нет description,Страница advertisementtracking.xyz не найдена,Нет данных,Нет данных
https://trackadvertisement.xyz,Ошибка,Ошибка,Ошибка,Ошибка,Ошибка
https://vertexprotocol.cam,Index of /,Нет description,Index of /,Нет данных,Нет данных
https://veftexprotocol.cam,Index of /,Нет description,Index of /,Нет данных,Нет данных
https://svperbridge.xyz,Index of /,Нет description,Index of /,Нет данных,Нет данных
https://pumpbtc.cam,Нет title,Нет description,Нет данных,Нет данных,Нет данных
https://app-odos.co,Index of /,Нет description,Index of /,Нет данных,Нет данных
https://swapx.financial,Index of /,Нет description,Index of /,Нет данных,Нет данных
https://fjordfuondry.cm,Index of /,Нет description,Index of /,Нет данных,Нет данных
https://usualmoney.cm,Index of /,Нет description,Index of /,Нет данных,Нет данных
https://bitcobid.biz,Ошибка,Ошибка,Ошибка,Ошибка,Ошибка
https://tr-onwingiris.org,Index of /,Нет description,Index of /,Нет данных,Нет данных
https://defisavcr.cm,403 Forbidden,Нет description,Forbidden,Нет данных,Нет данных
https://satiayer.cm,Нет title,Нет description,Нет данных,Нет данных,Нет данных
https://portal-bekb.com,Ошибка,Ошибка,Ошибка,Ошибка,Ошибка
https://portal-inllinea.com,Ошибка,Ошибка,Ошибка,Ошибка,Ошибка
https://sso-zweiplus.com,Нет title,Нет description,Нет данных,Нет данных,Нет данных
https://soniclabs.ch,Ошибка,Ошибка,Ошибка,Ошибка,Ошибка
https://soniclabs.at,Index of /,Нет description,Index of /,Нет данных,Нет данных
https://bluwhale.us,bluwhale.us,Нет description,Страница bluwhale.us не найдена,Нет данных,Нет данных
https://bets10-guncel-giris.org,Ошибка,Ошибка,Ошибка,Ошибка,Ошибка
https://bluwhale.app,bluwhale.app,Нет description,Страница bluwhale.app не найдена,Нет данных,Нет данных
https://beraborrow.cam,Нет title,Нет description,Нет данных,Нет данных,Нет данных
https://fjordfuondry.cam,Нет title,Нет description,Нет данных,Нет данных,Нет данных
https://usenexus.cm,Нет title,Нет description,Нет данных,Нет данных,Нет данных
https://my-soniclabs.cam,Ошибка,Ошибка,Ошибка,Ошибка,Ошибка
https://my-soniclabs.app,Sonic | The Fastest EVM Layer-1 Blockchain,"Experience 400,000 TPS and instant finality on Sonic, the high-performance EVM blockchain built for DeFi and Web3 innovation.",Sonic,DeFi Redefined | Getting started with Sonic | Tailor-made for blockchain | Get Funding | External | Documents,Earn 90% of your app's fees on Sonic. | Real sub-second confirmation times | Check out our monthly newsletter
https://odos.cm,Нет title,Нет description,Нет данных,Нет данных,Нет данных
https://balancer.cm,Нет title,Нет description,Нет данных,Нет данных,Нет данных
https://usual-money.co,Ошибка,Ошибка,Ошибка,Ошибка,Ошибка
https://kodiakfinance.cm,Нет title,Нет description,Нет данных,Нет данных,Нет данных
https://synfuture.cm,Нет title,Нет description,Нет данных,Нет данных,Нет данных
https://swapx.cm,Нет title,Нет description,Нет данных,Нет данных,Нет данных
https://veftexprotocol.co,Нет title,Нет description,Нет данных,Нет данных,Нет данных
https://wwwsec-bekb.com,Ошибка,Ошибка,Ошибка,Ошибка,Ошибка
https://app-morpho.co,Нет title,Нет description,Нет данных,Нет данных,Нет данных
https://cygnus.cam,Нет title,Нет description,Нет данных,Нет данных,Нет данных
https://usual-money.live,Ошибка,Ошибка,Ошибка,Ошибка,Ошибка
https://adstrackingserver.xyz,adstrackingserver.xyz,Нет description,Страница adstrackingserver.xyz не найдена,Нет данных,Нет данных
https://adstrackinghelper.xyz,adstrackinghelper.xyz,Нет description,Страница adstrackinghelper.xyz не найдена,Нет данных,Нет данных
https://trackanalyticsads.xyz,Ошибка,Ошибка,Ошибка,Ошибка,Ошибка
https://trackmyads.xyz,Ошибка,Ошибка,Ошибка,Ошибка,Ошибка
https://app-swapx.live,403 Forbidden,Нет description,Forbidden,Нет данных,Нет данных
https://brianxclub.to,BriansClub Login | Briansclub.cm | Briansclub Shop | Bclub,Briansclub Dumps and CVV2 Shop. Brians Club best quality cards from the Legendary Brian Krebs at Briansclub.cm & Bclub.,Нет данных,Нет данных,Please sign in
https://ledgerrecoveryhelp.com,Ошибка,Ошибка,Ошибка,Ошибка,Ошибка
https://financed.cam,Index of /,Нет description,Index of /,Нет данных,Нет данных
https://ledgerrecoverfaq.com,Ошибка,Ошибка,Ошибка,Ошибка,Ошибка
https://ledgerrecoverfaqs.com,Ошибка,Ошибка,Ошибка,Ошибка,Ошибка
https://casibom-adresleri.org,Ошибка,Ошибка,Ошибка,Ошибка,Ошибка
https://zweiplusbanking.com,Нет title,Нет description,Нет данных,Нет данных,Нет данных
https://growfund.vip,growfund.vip,"Grow Fund VIP LTD – Your trusted partner in cryptocurrency investment. Join a global network of investors and earn profits through innovative crypto trading and staking strategies. Secure, transparent, and profitable investments tailored for maximum growth. Start investing with Grow Fund VIP LTD today!",Нет данных,"Discover the power of cryptocurrency trading and  
              staking! | 2% | How To Get Started | Grow Fund VIP LTD | Grow Fund VIP LTD   Affiliate  Program! | Maximizing crypto potential, Live Tracker!","7396 | 1 | $0.00+ | $0.00+ | Flexible Investment Plans Tailored for Maximum 
                Crypto  Growth! | 2.5% Daily for 28 Days | 122% After 5 Days | 134% After 8 Days | 162% After 12 Days | 196% After 18 Days | Quick Links | Grow Fund VIP LTD | Follow Us"
https://tokon2049.com,Ошибка,Ошибка,Ошибка,Ошибка,Ошибка
https://lnlinea-ch.net,Ошибка,Ошибка,Ошибка,Ошибка,Ошибка
https://lnlinea.net,Ошибка,Ошибка,Ошибка,Ошибка,Ошибка
https://casibom-2025giris.org,Casibom Giriş Adresi™ | Casibom Resmi Güncel Adres 2024,Нет description,Нет данных,Casibom Giriş | Casibom Sosyal Medya,Casibom Yeni Giriş Adresi | Casibom Yeni Adres | Mobil Uygulama | Twitter Adresi | Instagram Adresi
https://xslot-resmi.org,Ошибка,Ошибка,Ошибка,Ошибка,Ошибка
https://solvprotocol.cx,Solvey,Нет description,Нет данных,Empower Your DeFi Experience | Unique Features | Services Offered by Solvey | Key Performance Metrics | Start optimizing your DeFi assets with Solvey’s advanced features,Automated Trading Strategies | Advanced DeFi Management Platform | Cutting-edge Automated Trading Strategies | Services Offered by Solvey
https://svapx.com,Home,Нет description,Your Brand with SwapX,Discover SwapX's Journey | Explore Our Comprehensive Digital Marketing Services | Our Impactful Projects | What Our Clients Say | Meet Our Team | Join Our Team | Get in Touch,Нет данных
https://difisaver.co,Нет title,Нет description,Нет данных,Нет данных,Нет данных
https://fjordvoundry.co,Fjord Foundry: Premium Marketing Strategies,Нет description,Elevate Your Brand with,Discover Our Mission and Values | Our Impactful Projects | What Our Clients Say | We're Here to Help,Нет данных
https://apps-odos.cam,Welcome to Stock Exchange CenterCard - Your E-commerce Solution,Discover effortless shopping with Stock Exchange CenterCard. Your one-stop e-commerce shop for all Center Card and Center Expense needs. Embrace the future of online purchasing with us!,Welcome to Stock Exchange CenterCard!,Welcome to CenterCard | Empowering Your E-commerce Experience | Latest Insights on E-Commerce Trends | Transforming E-Commerce with AI | Sustainable E-Commerce Practices | The Rise of Mobile Shopping | Streamline Your E-Commerce Transactions | Explore the Benefits of Center Card | Discover the Benefits with Stock Exchange CenterCard | Ordering and Purchase Process | Contact Us,Why Choose Stock Exchange CenterCard? | Stock Exchange CenterCard | Maximize Your Shopping Experience | 1500 | 2000000 | 50000 | How do I place an order on Get Center? | What payment methods are accepted? | Can I track my order? | What is the refund policy? | How do I cancel an order? | Is it safe to use my credit card on your site? | We offer innovative solutions and unbeatable prices. Trust CenterCard for secure transactions and exceptional service. Get Center now!
https://kodiacfinance.cam,Kodiak Finance: Premium Perfumes & Fragrances,Нет description,Discover Your Signature Scent Today,Colognes (4) | Fragrance Sets (4) | Perfumes (4) | Top Perfumes | Versace Eros Gift Set | Jo Malone London Cologne Collection | Tom Ford Noir | Bleu de Chanel | Acqua di Gio by Giorgio Armani | Yves Saint Laurent Black Opium | Dior Sauvage Eau de Toilette | Chanel No. 5 Eau de Parfum | Explore Our Luxurious Scents,Нет данных
https://satlayr.com,Home,Нет description,Нет данных,Shoe Care Kit | Luxury Shoe Polish Set | Elegant Wooden Shoe Horn | Premium Leather Shoe Bag | Luxury Leather Sandals | Stylish Ballet Flats | Chic Ankle Boots | Elegant Stiletto Heels | Luxury Leather Derby Shoes | Suede Casual Sneakers | Exquisite Craftsmanship | Step Into Luxury Today,Нет данных
https://hyperlanes.cam,Home,Нет description,Your Journey to Perfect Coffee,Curated Coffee Selections | Elegant Ceramic Coffee Mug | High-Precision Coffee Grinder | Ceramic Pour-Over Dripper | Discover Our Bean Origins | Discover Hyperlane's Unique Flavors,Нет данных
https://uzualmoney.com,Home,Нет description,Unlock Your Financial Potential with Usual Money,Our Software Solutions | Usual Money Tax Calculator | Usual Money Investment Analyzer | Usual Money Expense Manager | Usual Money Client Portal | Usual Money CRM System | Usual Money Financial Reporting Tool | Usual Money Invoice Generator | Usual Money Tax Calculator | Usual Money Expense Manager | Usual Money Budget Tracker | Explore Our Products | Usual Money Client Portal | Usual Money CRM System | Usual Money Financial Reporting Tool | Usual Money Invoice Generator | Usual Money Tax Calculator | Usual Money Expense Manager | Usual Money Budget Tracker | Our Journey and Mission,Нет данных
https://synfuturez.com,Index of /,Нет description,Index of /,Нет данных,Нет данных
https://vectexprotocol.com,403 Forbidden,Нет description,Forbidden,Нет данных,Нет данных
https://infrareifinance.com,Home,Нет description,Your Financial Future,Our Mission and Values | Key Strategies for Financial Security and Risk Management | Explore Tailored Investment Strategies for Your Financial Goals | Comprehensive Risk Management for Financial Security and Peace of Mind | FAQs,Need More Help?
https://getsynfutures.co,Ошибка,Ошибка,Ошибка,Ошибка,Ошибка
https://app-usualmoney.live,403 Forbidden,Нет description,Forbidden,Нет данных,Нет данных
https://satiayer.org,403 Forbidden,Нет description,Forbidden,Нет данных,Нет данных
https://kodiakfinance.org,403 Forbidden,Нет description,Forbidden,Нет данных,Нет данных
https://fjordfuondry.live,403 Forbidden,Нет description,Forbidden,Нет данных,Нет данных
https://app-usenexus.com,403 Forbidden,Нет description,Forbidden,Нет данных,Нет данных
https://vertexprotocol.link,403 Forbidden,Нет description,Forbidden,Нет данных,Нет данных
https://synfuture.cam,403 Forbidden,Нет description,Forbidden,Нет данных,Нет данных
https://gains-trade.com,Home,Нет description,Unlock Your Fitness Potential Today,Fitness Gear (4) | Protein Powders (6) | Supplements (4) | Top Protein Picks | Protein Powder - Cookies & Cream | Casein Protein - Strawberry | Whey Protein Isolate - Chocolate | Our Journey of Quality & Innovation | Top-Selling Protein Powders | Protein Powder - Cookies & Cream | Casein Protein - Strawberry | Whey Protein Isolate - Chocolate,Нет данных
https://avalonlabs.cx,Detl Saver,Нет description,Нет данных,Hello world!,Нет данных
https://shadowexchange.cc,shadowexchange.cc,Нет description,Страница shadowexchange.cc не найдена,Нет данных,Нет данных
https://terea-polen.com,Terea Sticks & Iqos Heets ☑️ Aus Polen kaufen & bestellen,"Bei uns können Sie sowohl die beliebten Terea Sticks, als auch die klassischen Heets zu fairen Preisen direkt aus Polen bestellen!",Terea Sticks aus Polen,Tabakerhitzer als Alternative | TerEa Sticks & Iqos heets | Über uns | Terea Sticks & Iqos Heets | Was wir machen | Zahlungsmethoden | Kundenzufriedenheit | Angebote | Unser Ziel | Kostenloser Versand | Beliebte Sorten | Terea Sticks günstig bestellen | Einige Beiträge die Sie vielleicht interessieren könnten,Kostenloser Versand | 24/7 Support | OVP Ware | Faire Preise | Einige Worte zu Terea Polen | Terea Polen macht rauchen wieder erschwinglich! | Unser Service | Unser Bestseller | Die neusten Beiträge
https://suportesaque.com,Ошибка,Ошибка,Ошибка,Ошибка,Ошибка
https://gainstrade.cm,Index of /,Нет description,Index of /,Нет данных,Нет данных
https://defisavior.cam,DeFi Saver,Нет description,Нет данных,Featured Service: Custom Marketing Strategies | Proudly Featured in: | Our Value | Our Value | Our Range of Marketing Services | Tailored strategies to elevate your brand in the DeFi space | Our Range of Marketing Services | Discover Our Unique Capabilities,Deep Understanding of DeFi and Blockchain Technology | Innovative Marketing Techniques | Tailored strategies to elevate your brand in the DeFi space | Engage and grow your community with our proven tactics | Compelling content tailored for DeFi audiences | Leverage influencers to reach wider DeFi audiences
https://svvapx.cam,SwapX,Нет description,Discover,Explore SwapX’s Unique Offerings | Discover | Discover the World of SwapX – Your Coffee Haven | What Our Customers Say | Discover,High-Quality Coffee Beans | High-Quality Coffee Beans | Specialty Coffee Machines | Specialty Coffee Machines | Coffee Accessories | Coffee Accessories
https://fjordfuondry.co,Ошибка,Ошибка,Ошибка,Ошибка,Ошибка
https://app-odos.org,Odos,Нет description,Your Premier Destination for High-Quality Soccer Equipment,Premier Online Soccer Equipment Manufacturer: Odos | Our Impact | Wide Selection of Soccer Equipment | Subscribe to Our Newsletter | Dedicated Professionals at Odos | What Our Customers Say | Achievements | Discover the Best Soccer Gear,"Soccer Balls | Soccer Balls | Cleats | Stay up-to-date with the latest news, promotions, and product releases. | Subscribe to Our Newsletter | Award-Winning Soccer Equipment | Certified Products | Industry Leader | Customer Choice Award"
https://balancier.live,Balancer,Нет description,Unlock the Power of Balancer for Your Cryptocurrency Investments,"Transforming the way you manage your investments | Selected posts title | What Our Customers Say | Empowering Change Through Innovation | Join our community for exclusive updates, tips, and offers. | Balancer",Hello world!
https://fjordfounrdy.com,403 Forbidden,Нет description,Forbidden,Нет данных,Нет данных
https://app-odos.cam,403 Forbidden,Нет description,Forbidden,Нет данных,Нет данных
https://app-balancer.co,403 Forbidden,Нет description,Forbidden,Нет данных,Нет данных
https://balancier.financial,Index of /,Нет description,Index of /,Нет данных,Нет данных
https://kodlakfinance.cam,Ошибка,Ошибка,Ошибка,Ошибка,Ошибка
https://hyperlane.cm,Hyperlane,Нет description,Нет данных,Featured Product: Paving Machine P1 | Proudly Featured in: | Value Proposition | Value Proposition | Explore our Range of Advanced Construction Equipment | Advanced Machinery for Smooth Road Surfaces | Explore our Range of Advanced Construction Equipment | Innovative Solutions for Road Construction Projects,Efficient Equipment | Durable Equipment | Advanced Machinery for Smooth Road Surfaces | High-Performance Rollers for Reliable Compaction | Precision Grading for Seamless Road Construction | Innovative Solutions for Asphalt Production
https://usuaimoney.live,Ошибка,Ошибка,Ошибка,Ошибка,Ошибка
https://verteixprotocol.com,Index of /,Нет description,Index of /,Нет данных,Нет данных
https://synfutu.re,SynFutures,Нет description,Нет данных,Featured Product: SynFutures Signature Croissant Box | Proudly Featured in: | Discover | Discover | Our Unique Bakery Products | Flaky Croissants with a Modern Twist | Our Unique Bakery Products | Our Unique Value Proposition,Discover a World of Taste | Crafted with Care | Flaky Croissants with a Modern Twist | Rich Cakes for Every Celebration | Handcrafted Artisan Bread Selection | Irresistible Cookie Creations
https://kingroyal-giris.net,Ошибка,Ошибка,Ошибка,Ошибка,Ошибка
https://extrabet-online.com,Ошибка,Ошибка,Ошибка,Ошибка,Ошибка
https://greenfarm.lol,Index of /,Нет description,Index of /,Нет данных,Нет данных
https://whiterock.financial,Whiterock Fi,Нет description,Explore our High-Quality Concrete Solutions,Discover the Leading Concrete Company – Whiterock Fi | Explore our Impact | Explore Our Concrete Solutions | Subscribe to Our Newsletter | Get to Know Our Skilled Professionals | What Customers Say | Our Achievements | Explore Our Concrete Solutions,High-Quality Concrete Solutions | High-Quality Concrete Solutions | Ready-Mix Concrete | Stay updated with the latest news and trends in the concrete construction industry by subscribing to Whiterock Fi’s newsletter. | Subscribe to Our Newsletter | Award-Winning Concrete Solutions | Certified Excellence in Concrete Construction | Celebrating Success in Concrete Pumping | Industry Recognition for Sustainability Practices
https://cygnus.financial,Cygnus Finance,Нет description,Your Trusted Office Supplies Partner,Trusted Office Supplies Supplier for Businesses of All Sizes | Metrics Related to Our Work and Impact | Explore our Wide Range of Office Supplies and Solutions | Subscribe | Dedicated Professionals Ready to Serve You | Testimonials | Achievements | Get in Touch with Cygnus Finance Today,"Office Stationery | Office Stationery | Printing Solutions | Stay updated with the latest news, offers, and trends from Cygnus Finance. | Subscribe | Award-Winning Service | Certified Quality | Innovative Solutions | Industry Recognition"
https://relay.cm,Relay link,Нет description,Нет данных,Introducing Relay Link’s Innovative IT Solutions Package | Proudly Featured in: | Why Choose Us | Why Choose Us | Our Range of Innovative IT Solutions | Comprehensive IT Solutions | Our Range of Innovative IT Solutions | Explore Our Unique Capabilities,Delivering cutting-edge IT solutions for business transformation | Customized IT solutions to suit your unique requirements | Comprehensive IT Solutions | Advanced Network Solutions | Innovative Cloud Computing | Robust Cybersecurity Services
https://kodiakflnance.cam,Index of /,Нет description,Index of /,Нет данных,Нет данных
https://vertexprotocol.app,Vertex Protocol,Нет description,the Difference with Vertex Protocol,Discover the Vision of Our Company | Metrics Related to the Work or Impact | Explore Our Stone Veneer Collection | Subscribe to Our Newsletter | Meet the Faces Behind Vertex Protocol | Customer Testimonials | Achievements | Discover the World of Stone Veneers at Vertex Protocol,"High-Quality Stone Veneers | High-Quality Stone Veneers | Innovative Stone Veneer Solutions | Stay up-to-date with the latest news, trends, and offers from Vertex Protocol. | Subscribe to Our Newsletter | Award-Winning Stone Veneers | Certified Industry Leader | Sustainability Achievement | Customer Satisfaction"
https://whiterock.cam,403 Forbidden,Нет description,Forbidden,Нет данных,Нет данных
https://deflllama.cam,Llama Swap,Нет description,The Llama Swap Difference,"Discover the Story Behind Llama Swap | Selected posts title | What Our Customers Say | Discover Our Impact | Join our community for exclusive offers, skincare tips, and more! | Llama Swap",The Essentials of Blogging: Tips and Strategies for Success | Maximizing Your Blog’s Reach: SEO Tips for Bloggers | Crafting the Perfect Blog Structure: A Guide for Effective Blogging
https://casibom1536.com,Ошибка,Ошибка,Ошибка,Ошибка,Ошибка
https://cygnusfinance.cam,Index of /,Нет description,Index of /,Нет данных,Нет данных
https://reiay.cam,403 Forbidden,Нет description,Forbidden,Нет данных,Нет данных
https://deflllama.app,Ошибка,Ошибка,Ошибка,Ошибка,Ошибка
https://tr-vaycasino.org,Ошибка,Ошибка,Ошибка,Ошибка,Ошибка
https://aerodromefinance.cc,aerodromefinance.cc,Нет description,Страница aerodromefinance.cc не найдена,Нет данных,Нет данных
https://enigmapw.com,enigmapw.com,Нет description,Страница недоступна,Нет данных,Нет данных
https://eservices-juliusbaer.net,Ошибка,Ошибка,Ошибка,Ошибка,Ошибка
https://auth-eservices-zweiplus.com,Нет title,Нет description,Нет данных,Нет данных,Нет данных
https://baiancer.app,Balancer,Нет description,Where Artistry and Precision Meet Passion and Innovation,Discover the Art of Movement at Balancer Ballet Studio | Discover Our Impact | Explore Our Ballet Services | Subscribe to Our Newsletter | Get to Know the Faces Behind Balancer Studio | Testimonials | Achievements | Explore the World of Dance with Balancer,"Services at Balancer Fi | Services at Balancer Fi | Technique Refinement | Stay updated with the latest news, events, and promotions from Balancer. | Subscribe to Our Newsletter | Achievements & Certifications | Prizes & Awards | Certifications & Accreditations | Honors & Achievements"
https://tr-casibomresmi.com,Ошибка,Ошибка,Ошибка,Ошибка,Ошибка
https://cointrackcr.io,Odos,Нет description,Нет данных,Hello world!,Нет данных
https://ledgerliveco.com,Ошибка,Ошибка,Ошибка,Ошибка,Ошибка
https://ledgeliveco.com,Нет title,Нет description,Нет данных,Нет данных,Нет данных
https://beefarm.lol,Home | Rescron AI,Rescron AI uses advanced Ai robots trained on extensive trading data and algorithms to analyze market trends and execute profitable trades with high precision.,Нет данных,Нет данных,Нет данных
https://auth-eservices-zweiplus.net,Ошибка,Ошибка,Ошибка,Ошибка,Ошибка
https://auth-lnlinea.com,Ошибка,Ошибка,Ошибка,Ошибка,Ошибка
https://auth-eservices-juliusbaer.com,Ошибка,Ошибка,Ошибка,Ошибка,Ошибка
https://casibomgncladres.com,Ошибка,Ошибка,Ошибка,Ошибка,Ошибка
https://overthetopgifts.com,overthetopgifts.com – overthetopgifts.com,Нет description,Нет данных,A Detailed Overview of Virtual Prepaid Gift Cards | An in-depth look at virtual prepaid gift cards | The Perfect Gift Card | What to Expect From Prepaid Gift Cards | Frequently Asked Question,"Welcome | Affordable Holiday
			
		
			
									Buy Gift Cards
									Sell Gift Cards | Key Features of The Perfect Gift Card: | Global Acceptance: | Safe & Secure: | Budget-Friendly"
https://suporteaosaque.com,Suporte Blog,Suporte Blog,Нет данных,Нет данных,Suporte Blog: Entenda como funciona o FGTS e a possibilidade de antecipação! | Quando o FGTS pode ser sacado? | O que é a antecipação do FGTS? | Pontos importantes sobre a antecipação:
https://auth-eservices-juliusbaer.net,Ошибка,Ошибка,Ошибка,Ошибка,Ошибка
https://login-zweiplus.net,Нет title,Нет description,Нет данных,Нет данных,Нет данных
https://kingroyal-giris.org,Ошибка,Ошибка,Ошибка,Ошибка,Ошибка
https://jojobet-resmigiris.org,Ошибка,Ошибка,Ошибка,Ошибка,Ошибка
https://login-cointracker.in,Detl Saver,Нет description,Нет данных,"Briefly and concisely explain what you do for your audience. | Write a short headline | Add a compelling title for your section to engage your audience. | Use this paragraph section to get your website visitors to know you. Write about you or your organization, the products or services you offer, or why you exist. Keep a consistent communication style. Consider using this if you need to provide more context on why you do what you do. Be engaging. Focus on delivering value to your visitors. | Add a compelling title for your section to engage your audience.",Нет данных
https://sso-juliusbar.com,Нет title,Нет description,Нет данных,Нет данных,Нет данных
https://bets10-progiris.com,Ошибка,Ошибка,Ошибка,Ошибка,Ошибка
https://arctis.co,Store - Invision Community,Нет description,Best Gaming Hacks Undetected Cheats,Fortnite | Fortnite | Popular With Other Customers,Why Choose Arctis? | Supported Products | Important Information
https://hashtrx.online,hashtrx.online - USDT Mining earn daily,USDT TRC-20 Mining - online mining with instant withdrawals. Free bonus USDT Miner,Нет данных,Welcome to HashTrx.online! USDT TRC-20 | Signup Bonus 1 st USDT Miner Package  FREE!,Нет данных
https://games-zurar.com,Zurar - Serveur privé MONO,Нет description,Votre aventure débute sur Zurar,Нет данных,Azuria | Liens utiles | Communauté
https://casiboma-giris.org,Ошибка,Ошибка,Ошибка,Ошибка,Ошибка
https://elitevinreport.com,EliteVIN Report,Dedicated to uplifting underserved communities through thoughtfully designed and impactful initiatives.,Welcom To  EliteVIN Report,Select Package | Make Payment | Recieve Report | Give Review | Get in touch,Need a VIN report?
https://solayer.link,Solayer,Нет description,Transforming Brands with Bold Creativity and Innovative Strategies,Rewriting the Rulebook in Marketing | Discover Our Impact | Discover what Solayer can do for you | Join Us | Get to Know the Faces Behind Solayer | What People are Saying | Our Achievements | Unleash the Power of Solayer in Your Marketing Strategy Today,Innovative Marketing | Innovative Marketing | Data-Driven Campaigns | Stay up to date with all things Solayer by subscribing to our newsletter. | Join Us | Award-Winning Innovations | Certified Excellence | Celebrating Success | Industry Recognition
https://login-zweiplusbanking.com,Нет title,Нет description,Нет данных,Нет данных,Нет данных
https://eservices-ch-juliusbaer.com,Нет title,Нет description,Нет данных,Нет данных,Нет данных
https://soatt.info,Index of /,Нет description,Index of /,Нет данных,Нет данных
https://axlom.trade,Axiom Trade: Leading DeFi Trading Platform in the USA,"Explore Axiom Trade, a premier DeFi trading platform offering innovative solutions in crypto trading. Discover seamless experiences with Axiom crypto for traders in the USA. Join the future of trading with Axiom Trading today!",Unlock the Future of Decentralized Finance,Harnessing the Power of DeFi with Axiom Trade | Discover Axiom Trade | Leading Innovation in DeFi Trading | +5K TPS | 150+ | 99% Satisfaction | +10K Layers | Visual Journey Into Axiom | How Axiom Trade Works | Compelling Stats of Axiom Trade | Connect With Us,1 | 2 | 3
https://atensis-game.com,Ошибка,Ошибка,Ошибка,Ошибка,Ошибка
https://login-zweiplusbanking.net,Нет title,Нет description,Нет данных,Нет данных,Нет данных
https://localdh.online,Ошибка,Ошибка,Ошибка,Ошибка,Ошибка
https://soniclabs.mom,Ошибка,Ошибка,Ошибка,Ошибка,Ошибка
https://odos.lol,Odos,Нет description,Empower Your Trades,Decentralized Liquidity Solutions for Optimal Token Swaps | Products & Services | Decentralized Liquidity Routing Protocol for Optimal Token Swaps | Customer Testimonials | Enhance Your Trading,Decentralized Liquidity Routing Protocol | Decentralized Liquidity Routing Protocol | Real-Time Liquidity Analysis | Real-Time Liquidity Analysis | Maximizing Value | Maximizing Value
https://soniclabs.ltd,soniclabs.ltd,Нет description,Страница soniclabs.ltd не найдена,Нет данных,Нет данных
https://localdhx.com,Ошибка,Ошибка,Ошибка,Ошибка,Ошибка
https://view.repair,BlackKokpit - Ana Sayfa,Нет description,Black Kokpit Genel Bakış,Нет данных,Нет данных
https://kodiakfinance.cc,Kodiak Finance,Нет description,Empower Your Finances,Metrics Related to Our Impact | Experience the Future of Finance with Kodiak Finance | Mission | Differentiators of Kodiak Finance | DEX | Liquidity Tools | PoL Technology | Subscribe,Decentralized Exchange | Automated Liquidity Management | Liquidity Providers Solutions | Web3 Ecosystem Innovation
https://shadowexchange.lol,Ошибка,Ошибка,Ошибка,Ошибка,Ошибка
https://ww.ornek.com,Ошибка,Ошибка,Ошибка,Ошибка,Ошибка
https://solvprotocol.cc,Solv Protocol,Нет description,Нет данных,Discover the Future of Bitcoin Staking and DeFi Integration | Value Proposition | Explore Our Offerings | Start maximizing your Bitcoin’s earning potential today! | 4.9,Start Staking Now | Discover DeFi Opportunities
https://1676meritking.com,Ошибка,Ошибка,Ошибка,Ошибка,Ошибка
https://casibomtikla-pro.com,Ошибка,Ошибка,Ошибка,Ошибка,Ошибка
https://sol-incinerator.lol,Ошибка,Ошибка,Ошибка,Ошибка,Ошибка
https://synfutures.lol,Ошибка,Ошибка,Ошибка,Ошибка,Ошибка
https://casibom-resmiadres.vip,Ошибка,Ошибка,Ошибка,Ошибка,Ошибка
https://megaeth.lol,Ошибка,Ошибка,Ошибка,Ошибка,Ошибка
https://defisaver.lol,Ошибка,Ошибка,Ошибка,Ошибка,Ошибка
https://detlsaver.com,Effortless DeFi Management with DeFi Saver Dashboard | DeFi Saver,"DeFi Saver offers a powerful dashboard for managing decentralized finance strategies. Track, optimize, and automate your portfolio with advanced tools, ensuring security and user control. Simplify complex actions and enhance efficiency with our user-friendly interface. Experience smarter DeFi management today without hidden fees.",Optimize Your DeFi Experience,Нет данных,Empowering Your DeFi Management Experience | Smart DeFi Management | Get in Touch with Us
https://megaefh.com,Mega EFH,Нет description,Blockchain Solutions for Real-Time Transactions,About Mega EFH | Customer Testimonials | Our Work | How to Acquire,Key Performance Metrics | Explore our cutting-edge solutions for blockchain technology
https://wwh-club.com,WWH-CLUB - место встречи профессионалов,Форум по заработку в сети.,WWH-CLUB - a meeting place for professionals,"Ruby Sellers | Hot threads | Our projects | Rules/Reviews/Manuals project. | PAID ADVERTISING 
                      Paid advertising section | TRADE AREA | ALL ABOUT CARDING | CODING | CRYPTOCURRENCY | ELECTRONIC PAYMENT SYSTEMS | WORK, INVESTING, LENDING | SOCIAL SECTION | Arbitration | FORUM OFFICIAL REPRESENTATIONS","Alerts | Search | Patriarh Новый Контакт | 🛩️ Patriarh Service | Travel reviews | WIRE-1 | Anubis Cashout | WIRE-1 | LATINKA | WIRE-1 | Patriarh Новый Контакт | 🛩️ Patriarh Service | Travel reviews | WIRE-1 | WIRE-1 | LATINKA | WWH-CLUB-PARTY | Anonymous forum | Carding training from WWH-CLUB | Education carding from WWH-CLUB | Lectures from WWH-CLUB | WWH-CLUB knowledge book | WWH-Development | Project rules/How to use the project! | АНТИШОП ЦЦ / ANTISHOP CC 80-90% VALID | VIDAR STEALER - Отстук 80-90% , обходим Google Auth ! | Par - Sell USA Fullz + CR CS | 100btc - TRUSTED ELECTRONIC CURRENCY EXCHANGE | EmailOFF: Email, Phone и SMS Flood, CRM | Grizzly Group - VCC Cashout service for the best | Family of Parliaments Your trust makes us stronger | Saint Partick CC SHOP/50 countries/#1 IN THE WORLD | LummaC2 universal stealer with excellent rebound | XFiles Spyware Лучшая Malware для слежки! | StuartExchange - ОБМЕН БЕЗ AML/КРИПТА/НАЛИЧНЫЕ | BEST QUALITY CC + CVV | CASTRO CC | Qilin - Ransomware-as-a-Service - ИЩЕМ ПЕНТЕСТЕРОВ | EleOS - safe work and anonymity in the network | PICKUP24 - SHOP BIGGEST CC+CVV | LATINKA ОТРИСОВКА ВЕРИФ РАЗБЛОКИРОВКА ПРОБИВ ДЕБЕТ | STUFF SERVICE. 50% DELIVERED for EVERYTHING! | BlackRock EU Обнал и Merchant Service | Благо Обмен: добрый обменник крипты и фиата | Отрисовка Любых Документов от PP | CVVCLUB.CC [AUTOMATED CVV SHOP] Daily Update | Приём WIRE TRANSFER №1 | FECLUB.CC BIGGEST CC SHOP RARE BINS BACK TO MARKET | Telegram: трафик, реклама, боты | WORK TRAVEL FRESH FULLZ | CYPHER DOCS&SELFIE | FULLZ | MMN+ANRN | FROM $0.75 | Обналичка от Laundry Cash | Mixy - самый милый миксер криптовалют | Escrow Service from WWH-CLUB | AutoGarant from WWH-CLUB | Real Documents | Electronic currency exchange | Debit cards, ready-made wallets | Cashing out payment systems | Offer carding | Order carding goods | Proxy, Socks, Dedicated servers, VPN | Hacking, E-mail databases, accesses, accounts | Mobile / SIP / VOIP | Information retrieval services | Creation and promotion of sites, hosting, DDOS | Flea market (other goods and services) | Articles | Basics of your online security | Setting up the system for work | Work, check and selection of material | Shipping Discussion | Legal issues | Freebies and Free Manuals | Looking for information | Newbie Questions | Other questions | Private Keeper | Private software, checkers, automation | Programming | WEB-MASTER | Giveaways | Cryptocurrencies | Cryptocurrency trading | Cryptocurrency mining | PayPal | Skrill | Netteler | Bank accounts | Russian systems: Webmoney, Qiwi, RBC | Разбираем схемы обнала, банки и рабочие методики | VCC, prepaid, чеки, gift-карты, купоны, ваучеры | Labor exchange: search for work and partners | Lending | Communication | News from around the world | Recreation and entertainment | Arbitration | Resolved Arbitrations | White list | Freaks | CENTER-CLUB - central black market | Other forums and discussion | LAST 10 DONATIONS | Domain | Staff online | Members online"
https://swap-pump.lol,Ошибка,Ошибка,Ошибка,Ошибка,Ошибка
https://usepumpswap.fun,PumpSwap - Powering Sol Token Swaps & Developer Innovation,Explore how PumpSwap simplifies liquidity routing for Sol developers. Join the open hackathon and build your next decentralized tool.,Shape Sol’s Future with PumpSwap,Hackathon Details | What is PumpSwap? | Why Build on PumpSwap? | Participate in the Developer Hackathon,Нет данных
https://ssigifts.com,ItaloDiniz | Gift Cards,"ItaloDiniz - Comprehensive prepaid gift card platform. Learn, explore, and shop from the top gift card providers.",Prepaid Gift Cards Made Simple,How It Works | Top Gift Card Providers | FAQs About Gift Cards | Why Choose Prepaid Gift Cards? | Security and Fraud Prevention | Official Providers List | What Our Users Say,Gift Card Mall | OneVanilla | Vanilla Gift | What are prepaid gift cards? | Where can I use gift cards? | How do I check the balance of my gift card? | Gift Card Mall | OneVanilla | Vanilla Gift
https://testendpointone.com,Нет title,Нет description,Нет данных,Нет данных,Нет данных
https://testendpointtwo.com,testendpointtwo.com,Нет description,Страница недоступна,Нет данных,Нет данных
https://casibom-2025girisi.org,Casibom Giriş Adresi™ | Casibom Resmi Güncel Adres 2024,Нет description,Нет данных,Casibom Giriş | Casibom Sosyal Medya,Casibom Yeni Giriş Adresi | Casibom Yeni Adres | Mobil Uygulama | Twitter Adresi | Instagram Adresi
https://mysonic.org,Sonic Summit 2025 – Vienna | MySonic,"Register now for the Sonic World Summit 2025 in Vienna — three days of exploration, insight, and connection. Powered by MySonic, your gateway to the Sonic ecosystem.",Sonic World Summit 2025,Why Attend the Sonic Summit? | A Glimpse Into Sonic’s Future | How to Prepare | Connect with Our Global Community | Frequently Asked Questions | What is the Sonic Summit? | Where is it held? | Do I need to use MySonic?,"Vienna • May 6–8, 2025"
https://eservices-ch-juliusbaer.net,Ошибка,Ошибка,Ошибка,Ошибка,Ошибка
https://trypumpswap.fun,PumpSwap Hackathon – Build for the Solana Ecosystem,"Join the PumpSwap Hackathon — a community coding sprint focused on building next-gen liquidity tools on Solana. Collaborate, innovate, and shape the future of decentralized infrastructure.",PumpSwap Hackathon 2025,About the Hackathon | Why Join? | Hackathon Details | Ready to Build? | Introducing PumpSwap,Нет данных
https://zweiplusch.com,Нет title,Нет description,Нет данных,Нет данных,Нет данных
https://casibom-tradresi.com,Ошибка,Ошибка,Ошибка,Ошибка,Ошибка
https://pumpswap.lol,Ошибка,Ошибка,Ошибка,Ошибка,Ошибка
https://pump-swap.lol,Ошибка,Ошибка,Ошибка,Ошибка,Ошибка
https://sol-incinerator.fun,Ошибка,Ошибка,Ошибка,Ошибка,Ошибка
https://kobiak.finance,Kobiak Finance,Нет description,Your Gateway to Decentralized Liquidity Solutions,Key Performance Metrics | Customer Testimonials | Alice T. | Bob S. | Eve L. | Bob S. | Driving decentralized liquidity and financial innovation in the Berachain ecosystem | Enhancing Trading Efficiency with Innovative Solutions | Customer Testimonials | Recognitions and Certifications | Dedicated Professionals Leading the Way | Key Performance Metrics | 120k | 85+ | 23+ | 19+ | Kobiak Finance,"$1B+ | 10,000+ | 98% | Customer Testimonials | Read what our customers have to say about their experience with Kobiak Finance. | Read what our customers have to say about their experience with Kobiak Finance. | Customer Testimonials"
https://enbamex.com,DENTALMX,Нет description,Inicio,Recent Posts | Recent Comments | Archives | Categories,Нет данных
https://pvmpswap.fun,Ошибка,Ошибка,Ошибка,Ошибка,Ошибка
https://casibom-girisyeni.org,Casibom Giriş Adresi™ | Casibom Resmi Güncel Adres 2024,Нет description,Нет данных,Casibom Giriş | Casibom Sosyal Medya,Casibom Yeni Giriş Adresi | Casibom Yeni Adres | Mobil Uygulama | Twitter Adresi | Instagram Adresi
https://auctionvalleyllc.com,Auction Valley LLC,Нет description,Find your dream car,Login | Register | Cart | Latest Auctions | Need Help? Contact us | Latest News | Auctions By Brand,Access Your Account | Subscribe to our Newsletter | Search for Auctions or Products... | Orange Fiat 500 | Red Mercedes AMG | Black Vintage Car | Classic American Car | Sport Cars | Vintage Cars | Auction Vintage Car | BMW M1 1965 | El Camino 1974 | Vintage Gearbox | Audi R8 2008 | Nissan GTR 2000 | Porsche Carrera GT | Sccirocco GT R4 | A Smartphone Keeps Your Friend Away | VR Boxes Sales for Black Friday | Vintage Cars Showroom Paris | Useful Links | Our Policy | Subscribe to our Newsletter
https://avalorfinance.xyz,Ошибка,Ошибка,Ошибка,Ошибка,Ошибка
https://sonielabs.com,Sonie Labs,Нет description,Welcome to Sonie Labs,Key Metrics Demonstrating Our Impact and Performance | Start Your Journey with Sonie Labs Now! | Our Mission at Sonie Labs | Discover the Unique Benefits of Sonie Labs | DeFi Innovations | Blockchain Performance | Security First | Stay Updated with Sonie Labs,DeFi Applications | EVM Compatibility | High Speed | Cross-Chain Bridge
https://gsmunlock.net,GSMunlock.net,Нет description,Нет данных,Нет данных,GSMunlock.net | Server Services
https://tr-casibom-2025.org,Casibom Giriş Adresi™ | Casibom Resmi Güncel Adres 2024,Нет description,Нет данных,Casibom Giriş | Casibom Sosyal Medya,Casibom Yeni Giriş Adresi | Casibom Yeni Adres | Mobil Uygulama | Twitter Adresi | Instagram Adresi
https://oodos.xyz,Oodos,Нет description,Нет данных,Elevate Your DeFi Trading | Our Services | Your Gateway to Smarter DeFi Trading | Introducing Oodos DeFi Trading Platform,Token Swaps | Token Swaps | Liquidity Routing | Liquidity Routing | Market Arbitrage | Market Arbitrage | Address | Hours | Oodos
https://anime-stream.io,"Watch Anime Online, Free Anime Streaming Online on Anime-Stream.io Anime Website",Anime-Stream is a Free anime streaming website which you can watch English Subbed and Dubbed Anime online with No Account and Daily update. WATCH NOW!,"<img width=""150"" height=""22"" src=""https://anime-stream.io/wp-content/uploads/Anime-Stream-Logo.webp"" class=""custom-logo"" alt=""Anime-Stream.io"" decoding=""async"" srcset=""https://anime-stream.io/wp-content/uploads/Anime-Stream-Logo.webp 150w, https://anime-stream.io/wp-content/uploads/Anime-Stream-Logo-96x14.webp 96w"" sizes=""(max-width: 150px) 100vw, 150px"" />","The Do-Over Damsel Conquers the Dragon Emperor
											Yarinaoshi Reijou wa Ryuutei Heika wo Kouryaku-chuu | Solo Leveling Season 2 -Arise from the Shadow-
											Ore dake Level Up na Ken: Season 2 - Arise from the Shadow | Solo Leveling
											Ore dake Level Up na Ken | Top Airing! | Most Popular | Most Favorite | Completed Series | Latest Episode","Watch History | Sign in to your Account | Register New Account | Reset Password | Request Verification | Reset Password | Re:ZERO -Starting Life in Another World- Season 3 (Dub)
									Re:Zero kara Hajimeru Isekai Seikatsu 3rd Season (Dub) | Pokémon Horizons: The Series
									Pocket Monsters (2023) | ONE PIECE (Dub)
									ONE PIECE (Dub) | ONE PIECE
									ONE PIECE | Is It Wrong To Try To Pick Up Girls in a Dungeon? V (Dub)
									Dungeon ni Deai wo Motomeru no wa Machigatteiru Darou ka V: Houjou no Megami-hen (Dub) | Solo Leveling Season 2 -Arise from the Shadow-
									Ore dake Level Up na Ken: Season 2 - Arise from the Shadow | Is It Wrong To Try To Pick Up Girls in a Dungeon? V
									Dungeon ni Deai wo Motomeru no wa Machigatteiru Darou ka V: Houjou no Megami-hen | Solo Leveling -ReAwakening-
									Ore dake Level Up na Ken: ReAwakening | Shangri-La Frontier Season 2
									Shangri-La Frontier 2nd Season | Solo Leveling
									Ore dake Level Up na Ken | Solo Leveling Season 2 -Arise from the Shadow-
									Ore dake Level Up na Ken: Season 2 - Arise from the Shadow | Beheneko: The Elf-Girl's Cat is Secretly an S-Ranked Monster!
									S-Rank Monster no ""Behemoth"" Dakedo, Neko to Machigawarete Elf Musume no Pet to Shite Kurashitemasu | Even Given the Worthless “Appraiser” Class, I’m Actually the Strongest
									Fuguushoku [Kanteishi] ga Jitsu wa Saikyou Datta: Naraku de Kitaeta Saikyou no [Shingan] de Musou Suru | I’m a Noble on the Brink of Ruin, So I Might as Well Try Mastering Magic
									Botsuraku Yotei no Kizoku dakedo, Hima Datta kara Mahou wo Kiwamete mita | I May Be a Guild Receptionist, but I’ll Solo Any Boss to Clock Out on Time
									Guild no Uketsukejou desu ga, Zangyou wa Iya nanode Boss wo Solo Toubatsu Shiyou to Omoimasu | Solo Leveling Season 2 -Arise from the Shadow-
									Ore dake Level Up na Ken: Season 2 - Arise from the Shadow | Is It Wrong To Try To Pick Up Girls in a Dungeon? V
									Dungeon ni Deai wo Motomeru no wa Machigatteiru Darou ka V: Houjou no Megami-hen | Solo Leveling -ReAwakening-
									Ore dake Level Up na Ken: ReAwakening | Shangri-La Frontier Season 2
									Shangri-La Frontier 2nd Season | Solo Leveling
									Ore dake Level Up na Ken | Tying the Knot with an Amagami Sister (Dub)
					Amagami-san Chi no Enmusubi (Dub) | Catch Me at the Ballpark!
					Ballpark de Tsukamaete! | Once Upon a Witch's Death
					Aru Majo ga Shinu Made | Wo De Shixiong Tai Qiang Le | Medaka Kuroiwa is Impervious to My Charms (Dub)
					Kuroiwa Medaka ni Watashi no Kawaii ga Tsuujinai (Dub) | My Happy Marriage Season 2
					Watashi no Shiawase na Kekkon 2nd Season | Sword of the Demon Hunter: Kijin Gentosho
					Kijin Gentoushou | Toilet-bound Hanako-kun Season 2 (Dub)
					Jibaku Shounen Hanako-kun 2 (Dub) | The Red Ranger Becomes an Adventurer in Another World (Dub)
					Sentai Red Isekai de Boukensha ni Naru (Dub) | The 100 Girlfriends Who Really, Really, Really, Really, REALLY Love You Season 2 (Dub)
					Kimi no Koto ga Dai Dai Dai Dai Daisuki na 100-nin no Kanojo 2nd Season (Dub) | Renegade Immortal
					Xian Ni | The Unaware Atelier Meister (Dub)
					Kanchigai no Atelier Meister: Eiyuu Party no Moto Zatsuyougakari ga, Jitsu wa Sentou Igai ga SSS Rank Datta to Iu Yoku Aru Hanashi (Dub) | The Unaware Atelier Meister
					Kanchigai no Atelier Meister: Eiyuu Party no Moto Zatsuyougakari ga, Jitsu wa Sentou Igai ga SSS Rank Datta to Iu Yoku Aru Hanashi | Mashin Souzouden Wataru | You and Idol Precure ♪
					Kimi to Idol Precure♪ | Punirunes Puni 2 | The Beginning After the End
					Saikyou no Ousama, Nidome no Jinsei wa Nani wo Suru? | Blue Exorcist -The Blue Night Saga- (Dub)
					Ao no Exorcist: Yosuga-hen (Dub)"
https://holiganbet01087.com,"Holiganbet: Yüksek Bahis Oranları, Canlı Bahisler, Casino Oyunları","Güvenilir Canlı Bahis Sitesi Holiganbet giriş yaparak casino oyunları oynayabilir, Holiganbet farklıyla yüksek bahis oranlarıyla kuponlarınızı yapabilirsiniz",Нет данных,Нет данных,Нет данных
https://casibom-guncel-tr.org,Casibom Giriş Adresi™ | Casibom Resmi Güncel Adres 2024,Нет description,Нет данных,Casibom Giriş | Casibom Sosyal Medya,Casibom Yeni Giriş Adresi | Casibom Yeni Adres | Mobil Uygulama | Twitter Adresi | Instagram Adresi
https://nexterafi.net,Нет title,Нет description,Нет данных,Нет данных,Нет данных
https://ssoatt.info,Index of /,Нет description,Index of /,Нет данных,Нет данных
https://misoat.run,Index of /,Нет description,Index of /,Нет данных,Нет данных
https://gladascreative.com,Index of /,Нет description,Index of /,Нет данных,Нет данных
https://taylorswifteu.com,Home - Taylor Swift,The Official Website of Taylor Swift,Taylor Swift,Store | Archive | Directed Projects | Sign up to receive updates | Scan to add on Snapchat,The Tortured Poets Department | Fortnight (feat Post Malone) | I Can See You (Taylor’s Version) (From The Vault) | Karma (Feat. Ice Spice) | Lavender Haze | Bejeweled | Anti-Hero | All Too Well: The Short Film | willow | cardigan | The Man
